n_features,mean_fit_time,std_fit_time,mean_score_time,std_score_time,param_n_neighbors,param_p,params,split0_test_score,mean_test_score,std_test_score,rank_test_score
26,0.029471874237060547,0.0,151.6032314300537,0.0,5,1,"{'n_neighbors': 5, 'p': 1}",0.8026819923371648,0.8026819923371648,0.0,5
26,0.01383662223815918,0.0,124.1951994895935,0.0,5,2,"{'n_neighbors': 5, 'p': 2}",0.8157734734647789,0.8157734734647789,0.0,1
26,0.010066747665405273,0.0,154.4114294052124,0.0,10,1,"{'n_neighbors': 10, 'p': 1}",0.7862921552586128,0.7862921552586128,0.0,12
26,0.013064861297607422,0.0,130.16376090049744,0.0,10,2,"{'n_neighbors': 10, 'p': 2}",0.8033276064743649,0.8033276064743649,0.0,4
26,0.029471874237060547,0.0,154.6641435623169,0.0,15,1,"{'n_neighbors': 15, 'p': 1}",0.7982039091389329,0.7982039091389329,0.0,8
26,0.029471874237060547,0.0,125.37958931922913,0.0,15,2,"{'n_neighbors': 15, 'p': 2}",0.8109483288007721,0.8109483288007721,0.0,2
26,0.029471874237060547,0.0,155.1400113105774,0.0,20,1,"{'n_neighbors': 20, 'p': 1}",0.7896108564752404,0.7896108564752404,0.0,11
26,0.029471874237060547,0.0,127.40837383270264,0.0,20,2,"{'n_neighbors': 20, 'p': 2}",0.8015787585217079,0.8015787585217079,0.0,6
26,0.012062788009643555,0.0,148.0110569000244,0.0,25,1,"{'n_neighbors': 25, 'p': 1}",0.7949761188749337,0.7949761188749337,0.0,9
26,0.029471874237060547,0.0,147.73169112205505,0.0,25,2,"{'n_neighbors': 25, 'p': 2}",0.8066901408450704,0.8066901408450704,0.0,3
26,0.013064861297607422,0.0,151.9991273880005,0.0,30,1,"{'n_neighbors': 30, 'p': 1}",0.7899900981186425,0.7899900981186425,0.0,10
26,0.013064861297607422,0.0,149.6897292137146,0.0,30,2,"{'n_neighbors': 30, 'p': 2}",0.801360057265569,0.801360057265569,0.0,7
25,0.20641064643859863,0.0,165.75231075286865,0.0,5,1,"{'n_neighbors': 5, 'p': 1}",0.8053421787709497,0.8053421787709497,0.0,5
25,0.17404603958129883,0.0,146.58734774589539,0.0,5,2,"{'n_neighbors': 5, 'p': 2}",0.8174320687559684,0.8174320687559684,0.0,1
25,0.16299724578857422,0.0,169.30866527557373,0.0,10,1,"{'n_neighbors': 10, 'p': 1}",0.7920145190562613,0.7920145190562613,0.0,12
25,0.10584139823913574,0.0,145.53104901313782,0.0,10,2,"{'n_neighbors': 10, 'p': 2}",0.8061344158773117,0.8061344158773117,0.0,4
25,0.11128544807434082,0.0,171.6042561531067,0.0,15,1,"{'n_neighbors': 15, 'p': 1}",0.8001404371105065,0.8001404371105065,0.0,9
25,0.08731389045715332,0.0,146.04579091072083,0.0,15,2,"{'n_neighbors': 15, 'p': 2}",0.8116501447495394,0.8116501447495394,0.0,2
25,0.10338187217712402,0.0,160.86735916137695,0.0,20,1,"{'n_neighbors': 20, 'p': 1}",0.7949317038102086,0.7949317038102086,0.0,10
25,0.08376598358154297,0.0,168.39580750465393,0.0,20,2,"{'n_neighbors': 20, 'p': 2}",0.8043711931207452,0.8043711931207452,0.0,6
25,0.10368180274963379,0.0,170.19240808486938,0.0,25,1,"{'n_neighbors': 25, 'p': 1}",0.8009884387962227,0.8009884387962227,0.0,7
25,0.201798677444458,0.0,147.06876754760742,0.0,25,2,"{'n_neighbors': 25, 'p': 2}",0.8087393181217514,0.8087393181217514,0.0,3
25,0.11328577995300293,0.0,171.3782832622528,0.0,30,1,"{'n_neighbors': 30, 'p': 1}",0.7934225896306945,0.7934225896306945,0.0,11
25,0.09645438194274902,0.0,170.1094512939453,0.0,30,2,"{'n_neighbors': 30, 'p': 2}",0.8009304822403149,0.8009304822403149,0.0,8
24,0.15949273109436035,0.0,130.25571489334106,0.0,5,1,"{'n_neighbors': 5, 'p': 1}",0.8053421787709497,0.8053421787709497,0.0,5
24,0.143812894821167,0.0,115.3658983707428,0.0,5,2,"{'n_neighbors': 5, 'p': 2}",0.8174320687559684,0.8174320687559684,0.0,1
24,0.18741345405578613,0.0,131.00573921203613,0.0,10,1,"{'n_neighbors': 10, 'p': 1}",0.7920145190562613,0.7920145190562613,0.0,12
24,0.09176301956176758,0.0,111.86833262443542,0.0,10,2,"{'n_neighbors': 10, 'p': 2}",0.8061344158773117,0.8061344158773117,0.0,4
24,0.14956116676330566,0.0,125.08803367614746,0.0,15,1,"{'n_neighbors': 15, 'p': 1}",0.8002106741573033,0.8002106741573033,0.0,9
24,0.19127392768859863,0.0,115.80454397201538,0.0,15,2,"{'n_neighbors': 15, 'p': 2}",0.8116501447495394,0.8116501447495394,0.0,2
24,0.11654114723205566,0.0,131.5255045890808,0.0,20,1,"{'n_neighbors': 20, 'p': 1}",0.7950746000359518,0.7950746000359518,0.0,10
24,0.15172839164733887,0.0,114.26665568351746,0.0,20,2,"{'n_neighbors': 20, 'p': 2}",0.8043711931207452,0.8043711931207452,0.0,6
24,0.11931324005126953,0.0,132.252347946167,0.0,25,1,"{'n_neighbors': 25, 'p': 1}",0.8009884387962227,0.8009884387962227,0.0,7
24,0.15319037437438965,0.0,112.84850716590881,0.0,25,2,"{'n_neighbors': 25, 'p': 2}",0.8087393181217514,0.8087393181217514,0.0,3
24,0.14266109466552734,0.0,128.0496244430542,0.0,30,1,"{'n_neighbors': 30, 'p': 1}",0.7934938892882818,0.7934938892882818,0.0,11
24,0.14548754692077637,0.0,113.92280745506287,0.0,30,2,"{'n_neighbors': 30, 'p': 2}",0.8009304822403149,0.8009304822403149,0.0,8
23,0.3582954406738281,0.0,137.0208957195282,0.0,5,1,"{'n_neighbors': 5, 'p': 1}",0.8055846422338568,0.8055846422338568,0.0,5
23,0.40311479568481445,0.0,106.32237505912781,0.0,5,2,"{'n_neighbors': 5, 'p': 2}",0.8175271149674621,0.8175271149674621,0.0,1
23,0.200361967086792,0.0,137.09641218185425,0.0,10,1,"{'n_neighbors': 10, 'p': 1}",0.7917952441459432,0.7917952441459432,0.0,12
23,0.14109110832214355,0.0,131.44182133674622,0.0,10,2,"{'n_neighbors': 10, 'p': 2}",0.8073245534908894,0.8073245534908894,0.0,4
23,0.18776702880859375,0.0,137.67537450790405,0.0,15,1,"{'n_neighbors': 15, 'p': 1}",0.8020001754539872,0.8020001754539872,0.0,8
23,0.11930632591247559,0.0,134.09544253349304,0.0,15,2,"{'n_neighbors': 15, 'p': 2}",0.8121318681318681,0.8121318681318681,0.0,2
23,0.20506525039672852,0.0,134.1482093334198,0.0,20,1,"{'n_neighbors': 20, 'p': 1}",0.7958265875157402,0.7958265875157402,0.0,10
23,0.12585210800170898,0.0,134.89628195762634,0.0,20,2,"{'n_neighbors': 20, 'p': 2}",0.8054858372176407,0.8054858372176407,0.0,6
23,0.21249771118164062,0.0,134.75845170021057,0.0,25,1,"{'n_neighbors': 25, 'p': 1}",0.8010249160629087,0.8010249160629087,0.0,9
23,0.09364104270935059,0.0,112.2888867855072,0.0,25,2,"{'n_neighbors': 25, 'p': 2}",0.8100017608733932,0.8100017608733932,0.0,3
23,0.161207914352417,0.0,138.2812535762787,0.0,30,1,"{'n_neighbors': 30, 'p': 1}",0.7950723855768366,0.7950723855768366,0.0,11
23,0.14690685272216797,0.0,107.64872241020203,0.0,30,2,"{'n_neighbors': 30, 'p': 2}",0.8034387033222888,0.8034387033222888,0.0,7
22,0.18093061447143555,0.0,175.5237889289856,0.0,5,1,"{'n_neighbors': 5, 'p': 1}",0.8068736915561758,0.8068736915561758,0.0,5
22,0.18030953407287598,0.0,161.503005027771,0.0,5,2,"{'n_neighbors': 5, 'p': 2}",0.8185368393647489,0.8185368393647489,0.0,1
22,0.20705580711364746,0.0,168.647057056427,0.0,10,1,"{'n_neighbors': 10, 'p': 1}",0.7933315212467157,0.7933315212467157,0.0,12
22,0.20451927185058594,0.0,165.28985214233398,0.0,10,2,"{'n_neighbors': 10, 'p': 2}",0.8077305156687439,0.8077305156687439,0.0,4
22,0.17528605461120605,0.0,169.53883576393127,0.0,15,1,"{'n_neighbors': 15, 'p': 1}",0.8022113022113021,0.8022113022113021,0.0,8
22,0.14487624168395996,0.0,162.91059279441833,0.0,15,2,"{'n_neighbors': 15, 'p': 2}",0.8118411806043571,0.8118411806043571,0.0,2
22,0.08562040328979492,0.0,180.71914196014404,0.0,20,1,"{'n_neighbors': 20, 'p': 1}",0.795863309352518,0.795863309352518,0.0,11
22,0.08663368225097656,0.0,180.49555563926697,0.0,20,2,"{'n_neighbors': 20, 'p': 2}",0.8066654721376098,0.8066654721376098,0.0,6
22,0.08529186248779297,0.0,181.64643788337708,0.0,25,1,"{'n_neighbors': 25, 'p': 1}",0.800813367518345,0.800813367518345,0.0,9
22,0.1058354377746582,0.0,165.1104633808136,0.0,25,2,"{'n_neighbors': 25, 'p': 2}",0.8099100687709399,0.8099100687709399,0.0,3
22,0.09231376647949219,0.0,164.17002511024475,0.0,30,1,"{'n_neighbors': 30, 'p': 1}",0.7960449438202246,0.7960449438202246,0.0,10
22,0.0919039249420166,0.0,179.26207184791565,0.0,30,2,"{'n_neighbors': 30, 'p': 2}",0.8040849234076862,0.8040849234076862,0.0,7
21,0.1670703887939453,0.0,175.94424414634705,0.0,5,1,"{'n_neighbors': 5, 'p': 1}",0.8081283795569509,0.8081283795569509,0.0,5
21,0.17339444160461426,0.0,162.21902441978455,0.0,5,2,"{'n_neighbors': 5, 'p': 2}",0.8189632716853348,0.8189632716853348,0.0,1
21,0.1515946388244629,0.0,183.0989396572113,0.0,10,1,"{'n_neighbors': 10, 'p': 1}",0.7938779206665459,0.7938779206665459,0.0,12
21,0.10070252418518066,0.0,186.64572477340698,0.0,10,2,"{'n_neighbors': 10, 'p': 2}",0.8089217988080187,0.8089217988080187,0.0,4
21,0.08332061767578125,0.0,160.9800088405609,0.0,15,1,"{'n_neighbors': 15, 'p': 1}",0.8030515608558401,0.8030515608558401,0.0,8
21,0.10893559455871582,0.0,164.09803462028503,0.0,15,2,"{'n_neighbors': 15, 'p': 2}",0.8123352662098049,0.8123352662098049,0.0,2
21,0.08735442161560059,0.0,187.18564343452454,0.0,20,1,"{'n_neighbors': 20, 'p': 1}",0.7961897915168943,0.7961897915168943,0.0,10
21,0.1240086555480957,0.0,165.50193977355957,0.0,20,2,"{'n_neighbors': 20, 'p': 2}",0.8075201432408236,0.8075201432408236,0.0,6
21,0.10891366004943848,0.0,188.96188855171204,0.0,25,1,"{'n_neighbors': 25, 'p': 1}",0.802686224264381,0.802686224264381,0.0,9
21,0.08823132514953613,0.0,178.11898136138916,0.0,25,2,"{'n_neighbors': 25, 'p': 2}",0.8119387216059166,0.8119387216059166,0.0,3
21,0.09075379371643066,0.0,185.61551237106323,0.0,30,1,"{'n_neighbors': 30, 'p': 1}",0.7961182496181147,0.7961182496181147,0.0,11
21,0.08928442001342773,0.0,185.27254462242126,0.0,30,2,"{'n_neighbors': 30, 'p': 2}",0.8035490231224234,0.8035490231224234,0.0,7
20,0.15467524528503418,0.0,172.47898960113525,0.0,5,1,"{'n_neighbors': 5, 'p': 1}",0.8093785409221652,0.8093785409221652,0.0,4
20,0.13553643226623535,0.0,150.42440795898438,0.0,5,2,"{'n_neighbors': 5, 'p': 2}",0.8190343869399097,0.8190343869399097,0.0,1
20,0.14319443702697754,0.0,170.44427251815796,0.0,10,1,"{'n_neighbors': 10, 'p': 1}",0.7955100932379832,0.7955100932379832,0.0,12
20,0.08540940284729004,0.0,154.8962585926056,0.0,10,2,"{'n_neighbors': 10, 'p': 2}",0.8091671929982857,0.8091671929982857,0.0,5
20,0.0862874984741211,0.0,173.27014017105103,0.0,15,1,"{'n_neighbors': 15, 'p': 1}",0.8041056233002895,0.8041056233002895,0.0,8
20,0.11851835250854492,0.0,172.8104910850525,0.0,15,2,"{'n_neighbors': 15, 'p': 2}",0.8125713282415943,0.8125713282415943,0.0,2
20,0.09905362129211426,0.0,176.06067633628845,0.0,20,1,"{'n_neighbors': 20, 'p': 1}",0.797196513613083,0.797196513613083,0.0,11
20,0.11166644096374512,0.0,153.13507437705994,0.0,20,2,"{'n_neighbors': 20, 'p': 2}",0.8076268910572016,0.8076268910572016,0.0,6
20,0.11789107322692871,0.0,175.99421620368958,0.0,25,1,"{'n_neighbors': 25, 'p': 1}",0.8042075488376205,0.8042075488376205,0.0,7
20,0.1126549243927002,0.0,174.06446480751038,0.0,25,2,"{'n_neighbors': 25, 'p': 2}",0.8123624196530774,0.8123624196530774,0.0,3
20,0.0881948471069336,0.0,174.24656677246094,0.0,30,1,"{'n_neighbors': 30, 'p': 1}",0.7973445770162375,0.7973445770162375,0.0,10
20,0.08835768699645996,0.0,152.95132994651794,0.0,30,2,"{'n_neighbors': 30, 'p': 2}",0.8039408866995074,0.8039408866995074,0.0,9
19,0.20091938972473145,0.0,123.65342736244202,0.0,5,1,"{'n_neighbors': 5, 'p': 1}",0.8094490934449095,0.8094490934449095,0.0,4
19,0.20823907852172852,0.0,114.79267859458923,0.0,5,2,"{'n_neighbors': 5, 'p': 2}",0.8193022044783891,0.8193022044783891,0.0,1
19,0.22851252555847168,0.0,118.45670199394226,0.0,10,1,"{'n_neighbors': 10, 'p': 1}",0.7974305618384149,0.7974305618384149,0.0,12
19,0.1209414005279541,0.0,116.70137786865234,0.0,10,2,"{'n_neighbors': 10, 'p': 2}",0.8093434343434344,0.8093434343434344,0.0,5
19,0.09001016616821289,0.0,131.8113088607788,0.0,15,1,"{'n_neighbors': 15, 'p': 1}",0.8051902507452218,0.8051902507452218,0.0,7
19,0.08664655685424805,0.0,117.31676054000854,0.0,15,2,"{'n_neighbors': 15, 'p': 2}",0.8141003156787093,0.8141003156787093,0.0,2
19,0.0968465805053711,0.0,130.7176342010498,0.0,20,1,"{'n_neighbors': 20, 'p': 1}",0.7979507460003595,0.7979507460003595,0.0,11
19,0.13362741470336914,0.0,116.60168027877808,0.0,20,2,"{'n_neighbors': 20, 'p': 2}",0.8090672878774303,0.8090672878774303,0.0,6
19,0.11286282539367676,0.0,133.37137746810913,0.0,25,1,"{'n_neighbors': 25, 'p': 1}",0.8045570961759251,0.8045570961759251,0.0,9
19,0.1150519847869873,0.0,134.78103399276733,0.0,25,2,"{'n_neighbors': 25, 'p': 2}",0.8136607692984773,0.8136607692984773,0.0,3
19,0.1321561336517334,0.0,131.44028496742249,0.0,30,1,"{'n_neighbors': 30, 'p': 1}",0.7992468394154039,0.7992468394154039,0.0,10
19,0.13496613502502441,0.0,118.72174119949341,0.0,30,2,"{'n_neighbors': 30, 'p': 2}",0.8050134288272157,0.8050134288272157,0.0,8
18,0.17796945571899414,0.0,156.64135718345642,0.0,5,1,"{'n_neighbors': 5, 'p': 1}",0.8162981020372627,0.8162981020372627,0.0,3
18,0.15394306182861328,0.0,138.0058948993683,0.0,5,2,"{'n_neighbors': 5, 'p': 2}",0.8210562890896457,0.8210562890896457,0.0,1
18,0.18050622940063477,0.0,157.34472060203552,0.0,10,1,"{'n_neighbors': 10, 'p': 1}",0.8024903004601642,0.8024903004601642,0.0,11
18,0.09485983848571777,0.0,138.35791301727295,0.0,10,2,"{'n_neighbors': 10, 'p': 2}",0.8121168409664623,0.8121168409664623,0.0,5
18,0.1163938045501709,0.0,141.44058656692505,0.0,15,1,"{'n_neighbors': 15, 'p': 1}",0.811991958744865,0.811991958744865,0.0,6
18,0.1163938045501709,0.0,157.91406750679016,0.0,15,2,"{'n_neighbors': 15, 'p': 2}",0.8168816355181188,0.8168816355181188,0.0,2
18,0.09978675842285156,0.0,160.3837707042694,0.0,20,1,"{'n_neighbors': 20, 'p': 1}",0.8037867285880146,0.8037867285880146,0.0,10
18,0.11345791816711426,0.0,138.59994411468506,0.0,20,2,"{'n_neighbors': 20, 'p': 2}",0.8105687416032243,0.8105687416032243,0.0,7
18,0.09389138221740723,0.0,160.8688943386078,0.0,25,1,"{'n_neighbors': 25, 'p': 1}",0.8091643258426966,0.8091643258426966,0.0,9
18,0.10534381866455078,0.0,144.4919650554657,0.0,25,2,"{'n_neighbors': 25, 'p': 2}",0.8160098739310588,0.8160098739310588,0.0,4
18,0.08883047103881836,0.0,156.2037115097046,0.0,30,1,"{'n_neighbors': 30, 'p': 1}",0.8020768060155761,0.8020768060155761,0.0,12
18,0.11653542518615723,0.0,150.54499745368958,0.0,30,2,"{'n_neighbors': 30, 'p': 2}",0.8103324991061852,0.8103324991061852,0.0,8
17,0.16039466857910156,0.0,127.37692999839783,0.0,5,1,"{'n_neighbors': 5, 'p': 1}",,,,-2147483648
17,0.13207364082336426,0.0,125.0900239944458,0.0,5,2,"{'n_neighbors': 5, 'p': 2}",0.8224347826086957,0.8224347826086957,0.0,-2147483648
17,0.15773701667785645,0.0,127.38298392295837,0.0,10,1,"{'n_neighbors': 10, 'p': 1}",,,,-2147483648
17,0.11355161666870117,0.0,123.68695664405823,0.0,10,2,"{'n_neighbors': 10, 'p': 2}",0.8149084017687935,0.8149084017687935,0.0,-2147483648
17,0.09349346160888672,0.0,131.26534700393677,0.0,15,1,"{'n_neighbors': 15, 'p': 1}",0.8146984376363795,0.8146984376363795,0.0,-2147483648
17,0.08749127388000488,0.0,123.82171821594238,0.0,15,2,"{'n_neighbors': 15, 'p': 2}",0.8193045458526759,0.8193045458526759,0.0,-2147483648
17,0.12615966796875,0.0,139.04556703567505,0.0,20,1,"{'n_neighbors': 20, 'p': 1}",0.8065784769395781,0.8065784769395781,0.0,-2147483648
17,0.06849503517150879,0.0,140.09712839126587,0.0,20,2,"{'n_neighbors': 20, 'p': 2}",0.8110236220472441,0.8110236220472441,0.0,-2147483648
17,0.11779332160949707,0.0,128.29117345809937,0.0,25,1,"{'n_neighbors': 25, 'p': 1}",0.8131694468832308,0.8131694468832308,0.0,-2147483648
17,0.08842873573303223,0.0,138.8753137588501,0.0,25,2,"{'n_neighbors': 25, 'p': 2}",0.8175336678109322,0.8175336678109322,0.0,-2147483648
17,0.11287260055541992,0.0,135.3595507144928,0.0,30,1,"{'n_neighbors': 30, 'p': 1}",0.8056101482937288,0.8056101482937288,0.0,-2147483648
17,0.10278439521789551,0.0,125.25626277923584,0.0,30,2,"{'n_neighbors': 30, 'p': 2}",0.8101288475304224,0.8101288475304224,0.0,-2147483648
16,0.2688121795654297,0.0,186.53416442871094,0.0,5,1,"{'n_neighbors': 5, 'p': 1}",0.8199147010183654,0.8199147010183654,0.0,4
16,0.25770020484924316,0.0,178.91379952430725,0.0,5,2,"{'n_neighbors': 5, 'p': 2}",0.8255844268706004,0.8255844268706004,0.0,1
16,0.2658572196960449,0.0,186.4720253944397,0.0,10,1,"{'n_neighbors': 10, 'p': 1}",0.808242598758211,0.808242598758211,0.0,11
16,0.08741188049316406,0.0,182.9865357875824,0.0,10,2,"{'n_neighbors': 10, 'p': 2}",0.81792767607539,0.81792767607539,0.0,5
16,0.13772201538085938,0.0,200.19782209396362,0.0,15,1,"{'n_neighbors': 15, 'p': 1}",0.8162162162162162,0.8162162162162162,0.0,7
16,0.11566472053527832,0.0,183.5483455657959,0.0,15,2,"{'n_neighbors': 15, 'p': 2}",0.8240238136928734,0.8240238136928734,0.0,2
16,0.13739609718322754,0.0,201.48454427719116,0.0,20,1,"{'n_neighbors': 20, 'p': 1}",0.8099276850281225,0.8099276850281225,0.0,10
16,0.26141881942749023,0.0,186.1811580657959,0.0,20,2,"{'n_neighbors': 20, 'p': 2}",0.8163046393134888,0.8163046393134888,0.0,6
16,0.29149293899536133,0.0,201.01919770240784,0.0,25,1,"{'n_neighbors': 25, 'p': 1}",0.814808316518993,0.814808316518993,0.0,9
16,0.11173272132873535,0.0,184.51653122901917,0.0,25,2,"{'n_neighbors': 25, 'p': 2}",0.822827041264267,0.822827041264267,0.0,3
16,0.14470529556274414,0.0,201.66262793540955,0.0,30,1,"{'n_neighbors': 30, 'p': 1}",0.8068922417641282,0.8068922417641282,0.0,12
16,0.09603047370910645,0.0,184.5719792842865,0.0,30,2,"{'n_neighbors': 30, 'p': 2}",0.8150066994193836,0.8150066994193836,0.0,8
15,0.7340376377105713,0.0,5.517522096633911,0.0,5,1,"{'n_neighbors': 5, 'p': 1}",0.8217701269344463,0.8217701269344463,0.0,4
15,0.6630496978759766,0.0,4.4980833530426025,0.0,5,2,"{'n_neighbors': 5, 'p': 2}",0.8277898393399914,0.8277898393399914,0.0,1
15,0.5447518825531006,0.0,6.776395559310913,0.0,10,1,"{'n_neighbors': 10, 'p': 1}",0.80990099009901,0.80990099009901,0.0,12
15,0.44279050827026367,0.0,5.327432870864868,0.0,10,2,"{'n_neighbors': 10, 'p': 2}",0.8201477743737611,0.8201477743737611,0.0,5
15,0.40202832221984863,0.0,7.268168687820435,0.0,15,1,"{'n_neighbors': 15, 'p': 1}",0.8189812799303439,0.8189812799303439,0.0,6
15,0.4468345642089844,0.0,5.937537908554077,0.0,15,2,"{'n_neighbors': 15, 'p': 2}",0.8274293711186915,0.8274293711186915,0.0,2
15,0.4244706630706787,0.0,7.68060827255249,0.0,20,1,"{'n_neighbors': 20, 'p': 1}",0.8108156344815277,0.8108156344815277,0.0,10
15,0.4101109504699707,0.0,6.368623971939087,0.0,20,2,"{'n_neighbors': 20, 'p': 2}",0.8176460082157527,0.8176460082157527,0.0,7
15,0.38854098320007324,0.0,7.8122429847717285,0.0,25,1,"{'n_neighbors': 25, 'p': 1}",0.8155885192662161,0.8155885192662161,0.0,9
15,0.46230578422546387,0.0,6.60937762260437,0.0,25,2,"{'n_neighbors': 25, 'p': 2}",0.823912087912088,0.823912087912088,0.0,3
15,0.43703269958496094,0.0,7.726824045181274,0.0,30,1,"{'n_neighbors': 30, 'p': 1}",0.8099571734475375,0.8099571734475375,0.0,11
15,0.33696889877319336,0.0,6.796314716339111,0.0,30,2,"{'n_neighbors': 30, 'p': 2}",0.8169642857142857,0.8169642857142857,0.0,8
14,0.2722318172454834,0.0,5.511821508407593,0.0,5,1,"{'n_neighbors': 5, 'p': 1}",0.8226900991821819,0.8226900991821819,0.0,4
14,0.23131299018859863,0.0,4.430711030960083,0.0,5,2,"{'n_neighbors': 5, 'p': 2}",0.8287225739311422,0.8287225739311422,0.0,1
14,0.22436285018920898,0.0,6.377669334411621,0.0,10,1,"{'n_neighbors': 10, 'p': 1}",0.8104704506611496,0.8104704506611496,0.0,12
14,0.19229531288146973,0.0,5.2479846477508545,0.0,10,2,"{'n_neighbors': 10, 'p': 2}",0.8210583250698639,0.8210583250698639,0.0,5
14,0.2540132999420166,0.0,6.979648113250732,0.0,15,1,"{'n_neighbors': 15, 'p': 1}",0.8200261210274271,0.8200261210274271,0.0,6
14,0.22416305541992188,0.0,5.949204921722412,0.0,15,2,"{'n_neighbors': 15, 'p': 2}",0.8267413370668534,0.8267413370668534,0.0,2
14,0.21817731857299805,0.0,7.413943767547607,0.0,20,1,"{'n_neighbors': 20, 'p': 1}",0.8120649651972157,0.8120649651972157,0.0,10
14,0.19432759284973145,0.0,6.1783082485198975,0.0,20,2,"{'n_neighbors': 20, 'p': 2}",0.8179301723368158,0.8179301723368158,0.0,7
14,0.22416305541992188,0.0,7.447668790817261,0.0,25,1,"{'n_neighbors': 25, 'p': 1}",0.8160112359550562,0.8160112359550562,0.0,9
14,0.19538116455078125,0.0,6.7028419971466064,0.0,25,2,"{'n_neighbors': 25, 'p': 2}",0.8248746591608761,0.8248746591608761,0.0,3
14,0.2498471736907959,0.0,7.590099573135376,0.0,30,1,"{'n_neighbors': 30, 'p': 1}",0.8104971882531465,0.8104971882531465,0.0,11
14,0.16428852081298828,0.0,6.740697622299194,0.0,30,2,"{'n_neighbors': 30, 'p': 2}",0.8177841264172842,0.8177841264172842,0.0,8
13,0.2660512924194336,0.0,2.1159050464630127,0.0,5,1,"{'n_neighbors': 5, 'p': 1}",0.82305886444657,0.82305886444657,0.0,4
13,0.25699591636657715,0.0,1.816434383392334,0.0,5,2,"{'n_neighbors': 5, 'p': 2}",0.8288663370630583,0.8288663370630583,0.0,1
13,0.2579963207244873,0.0,2.758358955383301,0.0,10,1,"{'n_neighbors': 10, 'p': 1}",0.8106162843004948,0.8106162843004948,0.0,12
13,0.2413649559020996,0.0,2.3537487983703613,0.0,10,2,"{'n_neighbors': 10, 'p': 2}",0.82028148682786,0.82028148682786,0.0,5
13,0.23621106147766113,0.0,3.0452048778533936,0.0,15,1,"{'n_neighbors': 15, 'p': 1}",0.8201601671309192,0.8201601671309192,0.0,6
13,0.2540004253387451,0.0,2.561988353729248,0.0,15,2,"{'n_neighbors': 15, 'p': 2}",0.8267833698030634,0.8267833698030634,0.0,2
13,0.2530019283294678,0.0,3.3168087005615234,0.0,20,1,"{'n_neighbors': 20, 'p': 1}",0.8115631691648822,0.8115631691648822,0.0,10
13,0.25800275802612305,0.0,2.810046434402466,0.0,20,2,"{'n_neighbors': 20, 'p': 2}",0.8182224207235373,0.8182224207235373,0.0,7
13,0.26004719734191895,0.0,3.367091178894043,0.0,25,1,"{'n_neighbors': 25, 'p': 1}",0.8161616161616162,0.8161616161616162,0.0,9
13,0.2698049545288086,0.0,3.062333583831787,0.0,25,2,"{'n_neighbors': 25, 'p': 2}",0.8250087935279633,0.8250087935279633,0.0,3
13,0.22412872314453125,0.0,3.5059444904327393,0.0,30,1,"{'n_neighbors': 30, 'p': 1}",0.8107047279214987,0.8107047279214987,0.0,11
13,0.2519218921661377,0.0,3.0503456592559814,0.0,30,2,"{'n_neighbors': 30, 'p': 2}",0.8178166562527895,0.8178166562527895,0.0,8
12,0.22445964813232422,0.0,2.3753530979156494,0.0,5,1,"{'n_neighbors': 5, 'p': 1}",0.8349195362519467,0.8349195362519467,0.0,4
12,0.22657084465026855,0.0,1.908979892730713,0.0,5,2,"{'n_neighbors': 5, 'p': 2}",0.8403100775193798,0.8403100775193798,0.0,1
12,0.22445964813232422,0.0,2.9289724826812744,0.0,10,1,"{'n_neighbors': 10, 'p': 1}",0.8244723483836495,0.8244723483836495,0.0,12
12,0.22142720222473145,0.0,2.408236026763916,0.0,10,2,"{'n_neighbors': 10, 'p': 2}",0.8333036191834552,0.8333036191834552,0.0,5
12,0.2543630599975586,0.0,3.2436304092407227,0.0,15,1,"{'n_neighbors': 15, 'p': 1}",0.8332755632582323,0.8332755632582323,0.0,6
12,0.2533073425292969,0.0,2.7919840812683105,0.0,15,2,"{'n_neighbors': 15, 'p': 2}",0.8393027491110918,0.8393027491110918,0.0,2
12,0.25647425651550293,0.0,3.5407369136810303,0.0,20,1,"{'n_neighbors': 20, 'p': 1}",0.8268146582100071,0.8268146582100071,0.0,10
12,0.22857117652893066,0.0,3.167773723602295,0.0,20,2,"{'n_neighbors': 20, 'p': 2}",0.8328626897282034,0.8328626897282034,0.0,7
12,0.22153830528259277,0.0,3.6582038402557373,0.0,25,1,"{'n_neighbors': 25, 'p': 1}",0.8283900147864661,0.8283900147864661,0.0,9
12,0.22857117652893066,0.0,3.2785356044769287,0.0,25,2,"{'n_neighbors': 25, 'p': 2}",0.8350730688935282,0.8350730688935282,0.0,3
12,0.2275702953338623,0.0,3.7715680599212646,0.0,30,1,"{'n_neighbors': 30, 'p': 1}",0.8258838049898616,0.8258838049898616,0.0,11
12,0.2454206943511963,0.0,3.4947707653045654,0.0,30,2,"{'n_neighbors': 30, 'p': 2}",0.829999118709791,0.829999118709791,0.0,8
11,0.2203688621520996,0.0,1.199280023574829,0.0,5,1,"{'n_neighbors': 5, 'p': 1}",0.8354955889984431,0.8354955889984431,0.0,3
11,0.20168638229370117,0.0,0.9592721462249756,0.0,5,2,"{'n_neighbors': 5, 'p': 2}",0.8404374407991044,0.8404374407991044,0.0,1
11,0.2163679599761963,0.0,1.802560806274414,0.0,10,1,"{'n_neighbors': 10, 'p': 1}",0.8250066791343842,0.8250066791343842,0.0,12
11,0.22846603393554688,0.0,1.3656373023986816,0.0,10,2,"{'n_neighbors': 10, 'p': 2}",0.8338680926916221,0.8338680926916221,0.0,6
11,0.1966845989227295,0.0,1.9127905368804932,0.0,15,1,"{'n_neighbors': 15, 'p': 1}",0.8339688041594454,0.8339688041594454,0.0,5
11,0.227494478225708,0.0,1.5150432586669922,0.0,15,2,"{'n_neighbors': 15, 'p': 2}",0.8395040319084367,0.8395040319084367,0.0,2
11,0.2324965000152588,0.0,1.974097490310669,0.0,20,1,"{'n_neighbors': 20, 'p': 1}",0.8266690153249957,0.8266690153249957,0.0,10
11,0.19568157196044922,0.0,1.7524526119232178,0.0,20,2,"{'n_neighbors': 20, 'p': 2}",0.8328476821192053,0.8328476821192053,0.0,7
11,0.22440028190612793,0.0,2.0673575401306152,0.0,25,1,"{'n_neighbors': 25, 'p': 1}",0.8286658549312924,0.8286658549312924,0.0,9
11,0.22949695587158203,0.0,1.8541626930236816,0.0,25,2,"{'n_neighbors': 25, 'p': 2}",0.8350004348960599,0.8350004348960599,0.0,4
11,0.19458818435668945,0.0,2.124511241912842,0.0,30,1,"{'n_neighbors': 30, 'p': 1}",0.8253436728939019,0.8253436728939019,0.0,11
11,0.20068621635437012,0.0,1.9037902355194092,0.0,30,2,"{'n_neighbors': 30, 'p': 2}",0.8301454385191716,0.8301454385191716,0.0,8
10,0.1812121868133545,0.0,0.8371593952178955,0.0,5,1,"{'n_neighbors': 5, 'p': 1}",0.8403245296046952,0.8403245296046952,0.0,3
10,0.18221259117126465,0.0,0.777454137802124,0.0,5,2,"{'n_neighbors': 5, 'p': 2}",0.8450098856700765,0.8450098856700765,0.0,2
10,0.17910456657409668,0.0,1.1812396049499512,0.0,10,1,"{'n_neighbors': 10, 'p': 1}",0.8314407381121363,0.8314407381121363,0.0,11
10,0.2140188217163086,0.0,1.0565168857574463,0.0,10,2,"{'n_neighbors': 10, 'p': 2}",0.839652728561304,0.839652728561304,0.0,6
10,0.22412800788879395,0.0,1.2974302768707275,0.0,15,1,"{'n_neighbors': 15, 'p': 1}",0.8378940076203671,0.8378940076203671,0.0,7
10,0.20389819145202637,0.0,1.1215252876281738,0.0,15,2,"{'n_neighbors': 15, 'p': 2}",0.8474166234663901,0.8474166234663901,0.0,1
10,0.21101951599121094,0.0,1.4048395156860352,0.0,20,1,"{'n_neighbors': 20, 'p': 1}",0.834371982796454,0.834371982796454,0.0,10
10,0.22406363487243652,0.0,1.226745843887329,0.0,20,2,"{'n_neighbors': 20, 'p': 2}",0.8402668070914515,0.8402668070914515,0.0,4
10,0.20700621604919434,0.0,1.4698090553283691,0.0,25,1,"{'n_neighbors': 25, 'p': 1}",0.8358002250497707,0.8358002250497707,0.0,8
10,0.2080070972442627,0.0,1.259951114654541,0.0,25,2,"{'n_neighbors': 25, 'p': 2}",0.839726383236644,0.839726383236644,0.0,5
10,0.21912693977355957,0.0,1.4886891841888428,0.0,30,1,"{'n_neighbors': 30, 'p': 1}",0.8299009727455965,0.8299009727455965,0.0,12
10,0.22406363487243652,0.0,1.3740363121032715,0.0,30,2,"{'n_neighbors': 30, 'p': 2}",0.8347932725998599,0.8347932725998599,0.0,9
9,0.17908120155334473,0.0,0.9874062538146973,0.0,5,1,"{'n_neighbors': 5, 'p': 1}",0.8444635932787591,0.8444635932787591,0.0,3
9,0.17908120155334473,0.0,0.6848664283752441,0.0,5,2,"{'n_neighbors': 5, 'p': 2}",0.8465972640454272,0.8465972640454272,0.0,2
9,0.1770317554473877,0.0,1.1537575721740723,0.0,10,1,"{'n_neighbors': 10, 'p': 1}",0.8363732955551619,0.8363732955551619,0.0,10
9,0.17908120155334473,0.0,0.8358006477355957,0.0,10,2,"{'n_neighbors': 10, 'p': 2}",0.8419748717041232,0.8419748717041232,0.0,6
9,0.2089695930480957,0.0,1.2264254093170166,0.0,15,1,"{'n_neighbors': 15, 'p': 1}",0.8406247303477434,0.8406247303477434,0.0,7
9,0.17908120155334473,0.0,0.9424757957458496,0.0,15,2,"{'n_neighbors': 15, 'p': 2}",0.8488301821635155,0.8488301821635155,0.0,1
9,0.2089695930480957,0.0,1.3020501136779785,0.0,20,1,"{'n_neighbors': 20, 'p': 1}",0.8354830218478546,0.8354830218478546,0.0,11
9,0.19991707801818848,0.0,0.9963905811309814,0.0,20,2,"{'n_neighbors': 20, 'p': 2}",0.8424008424008425,0.8424008424008425,0.0,5
9,0.2089695930480957,0.0,1.3359127044677734,0.0,25,1,"{'n_neighbors': 25, 'p': 1}",0.837760664532318,0.837760664532318,0.0,8
9,0.2089695930480957,0.0,1.1187660694122314,0.0,25,2,"{'n_neighbors': 25, 'p': 2}",0.8428151478471381,0.8428151478471381,0.0,4
9,0.2089695930480957,0.0,1.3020501136779785,0.0,30,1,"{'n_neighbors': 30, 'p': 1}",0.8335813709183226,0.8335813709183226,0.0,12
9,0.17908120155334473,0.0,1.1517081260681152,0.0,30,2,"{'n_neighbors': 30, 'p': 2}",0.8366757159120763,0.8366757159120763,0.0,9
8,0.16437602043151855,0.0,0.9265401363372803,0.0,5,1,"{'n_neighbors': 5, 'p': 1}",0.8469431749590411,0.8469431749590411,0.0,3
8,0.16644930839538574,0.0,0.6285872459411621,0.0,5,2,"{'n_neighbors': 5, 'p': 2}",0.8490841860865079,0.8490841860865079,0.0,2
8,0.15134739875793457,0.0,0.935570240020752,0.0,10,1,"{'n_neighbors': 10, 'p': 1}",0.8391768965821779,0.8391768965821779,0.0,10
8,0.11941766738891602,0.0,0.7034201622009277,0.0,10,2,"{'n_neighbors': 10, 'p': 2}",0.8448611356801699,0.8448611356801699,0.0,6
8,0.16042137145996094,0.0,1.1605546474456787,0.0,15,1,"{'n_neighbors': 15, 'p': 1}",0.8457359661981547,0.8457359661981547,0.0,5
8,0.18218493461608887,0.0,0.834975004196167,0.0,15,2,"{'n_neighbors': 15, 'p': 2}",0.8519668737060042,0.8519668737060042,0.0,1
8,0.1472475528717041,0.0,1.1606276035308838,0.0,20,1,"{'n_neighbors': 20, 'p': 1}",0.8404423380726698,0.8404423380726698,0.0,9
8,0.165449857711792,0.0,0.9245402812957764,0.0,20,2,"{'n_neighbors': 20, 'p': 2}",0.8448411656602783,0.8448411656602783,0.0,7
8,0.161346435546875,0.0,1.2143621444702148,0.0,25,1,"{'n_neighbors': 25, 'p': 1}",0.8411214953271028,0.8411214953271028,0.0,8
8,0.18618464469909668,0.0,0.9808125495910645,0.0,25,2,"{'n_neighbors': 25, 'p': 2}",0.8465526179367547,0.8465526179367547,0.0,4
8,0.16644930839538574,0.0,1.1434991359710693,0.0,30,1,"{'n_neighbors': 30, 'p': 1}",0.8355337938270526,0.8355337938270526,0.0,12
8,0.16437602043151855,0.0,1.0611486434936523,0.0,30,2,"{'n_neighbors': 30, 'p': 2}",0.8378307571391145,0.8378307571391145,0.0,11
7,0.15025687217712402,0.0,0.7080175876617432,0.0,5,1,"{'n_neighbors': 5, 'p': 1}",0.8515328970031003,0.8515328970031003,0.0,6
7,0.15230178833007812,0.0,0.6422035694122314,0.0,5,2,"{'n_neighbors': 5, 'p': 2}",0.8530422825713304,0.8530422825713304,0.0,4
7,0.13825178146362305,0.0,1.0743670463562012,0.0,10,1,"{'n_neighbors': 10, 'p': 1}",0.847520225114316,0.847520225114316,0.0,10
7,0.13925600051879883,0.0,0.7348473072052002,0.0,10,2,"{'n_neighbors': 10, 'p': 2}",0.8488853643492819,0.8488853643492819,0.0,9
7,0.1441025733947754,0.0,1.0573344230651855,0.0,15,1,"{'n_neighbors': 15, 'p': 1}",0.8581243558914463,0.8581243558914463,0.0,1
7,0.15230178833007812,0.0,0.8345170021057129,0.0,15,2,"{'n_neighbors': 15, 'p': 2}",0.8562843406593408,0.8562843406593408,0.0,2
7,0.09363245964050293,0.0,1.12099027633667,0.0,20,1,"{'n_neighbors': 20, 'p': 1}",0.8507150331356819,0.8507150331356819,0.0,8
7,0.15129756927490234,0.0,0.8624231815338135,0.0,20,2,"{'n_neighbors': 20, 'p': 2}",0.8513831922506327,0.8513831922506327,0.0,7
7,0.1392507553100586,0.0,1.1334497928619385,0.0,25,1,"{'n_neighbors': 25, 'p': 1}",0.8515840220385674,0.8515840220385674,0.0,5
7,0.12447690963745117,0.0,0.9719812870025635,0.0,25,2,"{'n_neighbors': 25, 'p': 2}",0.8530577088716624,0.8530577088716624,0.0,3
7,0.1593017578125,0.0,1.1214029788970947,0.0,30,1,"{'n_neighbors': 30, 'p': 1}",0.8467356341823872,0.8467356341823872,0.0,12
7,0.15630388259887695,0.0,1.0175259113311768,0.0,30,2,"{'n_neighbors': 30, 'p': 2}",0.847398642770141,0.847398642770141,0.0,11
6,0.09659385681152344,0.0,0.6132252216339111,0.0,5,1,"{'n_neighbors': 5, 'p': 1}",0.8726282651237982,0.8726282651237982,0.0,7
6,0.12746620178222656,0.0,0.4629096984863281,0.0,5,2,"{'n_neighbors': 5, 'p': 2}",0.8725323349217154,0.8725323349217154,0.0,8
6,0.10359430313110352,0.0,0.5536234378814697,0.0,10,1,"{'n_neighbors': 10, 'p': 1}",0.8715074163504657,0.8715074163504657,0.0,10
6,0.12742877006530762,0.0,0.526756763458252,0.0,10,2,"{'n_neighbors': 10, 'p': 2}",0.8731859018659295,0.8731859018659295,0.0,5
6,0.12946844100952148,0.0,0.6706743240356445,0.0,15,1,"{'n_neighbors': 15, 'p': 1}",0.876343630977571,0.876343630977571,0.0,2
6,0.13246750831604004,0.0,0.6021575927734375,0.0,15,2,"{'n_neighbors': 15, 'p': 2}",0.8764387271496276,0.8764387271496276,0.0,1
6,0.14730143547058105,0.0,0.6995651721954346,0.0,20,1,"{'n_neighbors': 20, 'p': 1}",0.873899290416346,0.873899290416346,0.0,3
6,0.1412818431854248,0.0,0.5973773002624512,0.0,20,2,"{'n_neighbors': 20, 'p': 2}",0.8724659994867847,0.8724659994867847,0.0,9
6,0.12746620178222656,0.0,0.7025144100189209,0.0,25,1,"{'n_neighbors': 25, 'p': 1}",0.8728382502543235,0.8728382502543235,0.0,6
6,0.14830255508422852,0.0,0.6142306327819824,0.0,25,2,"{'n_neighbors': 25, 'p': 2}",0.8735690663953192,0.8735690663953192,0.0,4
6,0.09859561920166016,0.0,0.702561616897583,0.0,30,1,"{'n_neighbors': 30, 'p': 1}",0.870405197469653,0.870405197469653,0.0,12
6,0.12442946434020996,0.0,0.6479809284210205,0.0,30,2,"{'n_neighbors': 30, 'p': 2}",0.8714310138485211,0.8714310138485211,0.0,11
5,0.11949944496154785,0.0,0.46361303329467773,0.0,5,1,"{'n_neighbors': 5, 'p': 1}",0.8797683923705721,0.8797683923705721,0.0,12
5,0.11949944496154785,0.0,0.42079615592956543,0.0,5,2,"{'n_neighbors': 5, 'p': 2}",0.8803893110219414,0.8803893110219414,0.0,11
5,0.08968448638916016,0.0,0.5439548492431641,0.0,10,1,"{'n_neighbors': 10, 'p': 1}",0.8844765342960289,0.8844765342960289,0.0,5
5,0.11949944496154785,0.0,0.49340081214904785,0.0,10,2,"{'n_neighbors': 10, 'p': 2}",0.8823327025632204,0.8823327025632204,0.0,9
5,0.11949944496154785,0.0,0.49340081214904785,0.0,15,1,"{'n_neighbors': 15, 'p': 1}",0.8863348263331362,0.8863348263331362,0.0,1
5,0.11949944496154785,0.0,0.5231764316558838,0.0,15,2,"{'n_neighbors': 15, 'p': 2}",0.8863136525122652,0.8863136525122652,0.0,2
5,0.11949944496154785,0.0,0.5529379844665527,0.0,20,1,"{'n_neighbors': 20, 'p': 1}",0.8843792633015007,0.8843792633015007,0.0,6
5,0.11645221710205078,0.0,0.493419885635376,0.0,20,2,"{'n_neighbors': 20, 'p': 2}",0.8846645639757905,0.8846645639757905,0.0,4
5,0.13829255104064941,0.0,0.5778768062591553,0.0,25,1,"{'n_neighbors': 25, 'p': 1}",0.8834926812759117,0.8834926812759117,0.0,7
5,0.11745524406433105,0.0,0.5252206325531006,0.0,25,2,"{'n_neighbors': 25, 'p': 2}",0.8855645706558485,0.8855645706558485,0.0,3
5,0.11632347106933594,0.0,0.576911449432373,0.0,30,1,"{'n_neighbors': 30, 'p': 1}",0.8812866990043401,0.8812866990043401,0.0,10
5,0.12438774108886719,0.0,0.5588140487670898,0.0,30,2,"{'n_neighbors': 30, 'p': 2}",0.8824328916072035,0.8824328916072035,0.0,8
4,0.08585882186889648,0.0,0.38572168350219727,0.0,5,1,"{'n_neighbors': 5, 'p': 1}",0.8837644656228727,0.8837644656228727,0.0,12
4,0.08681726455688477,0.0,0.3757655620574951,0.0,5,2,"{'n_neighbors': 5, 'p': 2}",0.8838439873687804,0.8838439873687804,0.0,11
4,0.0996713638305664,0.0,0.39670252799987793,0.0,10,1,"{'n_neighbors': 10, 'p': 1}",0.8873420984789895,0.8873420984789895,0.0,9
4,0.08885931968688965,0.0,0.40848660469055176,0.0,10,2,"{'n_neighbors': 10, 'p': 2}",0.8861543756991654,0.8861543756991654,0.0,10
4,0.07281255722045898,0.0,0.3947877883911133,0.0,15,1,"{'n_neighbors': 15, 'p': 1}",0.8889640020280548,0.8889640020280548,0.0,6
4,0.05100750923156738,0.0,0.4483609199523926,0.0,15,2,"{'n_neighbors': 15, 'p': 2}",0.8889452332657201,0.8889452332657201,0.0,7
4,0.0828542709350586,0.0,0.4633669853210449,0.0,20,1,"{'n_neighbors': 20, 'p': 1}",0.8898333900034002,0.8898333900034002,0.0,4
4,0.08585882186889648,0.0,0.4633669853210449,0.0,20,2,"{'n_neighbors': 20, 'p': 2}",0.8894745791532053,0.8894745791532053,0.0,5
4,0.08685827255249023,0.0,0.5042846202850342,0.0,25,1,"{'n_neighbors': 25, 'p': 1}",0.8904086457277947,0.8904086457277947,0.0,2
4,0.07985591888427734,0.0,0.418515682220459,0.0,25,2,"{'n_neighbors': 25, 'p': 2}",0.8912144484766646,0.8912144484766646,0.0,1
4,0.09767031669616699,0.0,0.4465494155883789,0.0,30,1,"{'n_neighbors': 30, 'p': 1}",0.8879273776194112,0.8879273776194112,0.0,8
4,0.08486056327819824,0.0,0.4872157573699951,0.0,30,2,"{'n_neighbors': 30, 'p': 2}",0.8898491781054059,0.8898491781054059,0.0,3
3,0.06876182556152344,0.0,0.2738184928894043,0.0,5,1,"{'n_neighbors': 5, 'p': 1}",0.8795847161943664,0.8795847161943664,0.0,11
3,0.07480764389038086,0.0,0.3233630657196045,0.0,5,2,"{'n_neighbors': 5, 'p': 2}",0.8793661611858921,0.8793661611858921,0.0,12
3,0.0546419620513916,0.0,0.2889726161956787,0.0,10,1,"{'n_neighbors': 10, 'p': 1}",0.8876462491397109,0.8876462491397109,0.0,9
3,0.07480764389038086,0.0,0.32636237144470215,0.0,10,2,"{'n_neighbors': 10, 'p': 2}",0.8858760940449633,0.8858760940449633,0.0,10
3,0.0717618465423584,0.0,0.3561830520629883,0.0,15,1,"{'n_neighbors': 15, 'p': 1}",0.8913337846987136,0.8913337846987136,0.0,8
3,0.07480764389038086,0.0,0.3283863067626953,0.0,15,2,"{'n_neighbors': 15, 'p': 2}",0.8918553565393714,0.8918553565393714,0.0,7
3,0.06876182556152344,0.0,0.35118627548217773,0.0,20,1,"{'n_neighbors': 20, 'p': 1}",0.8928541082504886,0.8928541082504886,0.0,4
3,0.07480764389038086,0.0,0.3561370372772217,0.0,20,2,"{'n_neighbors': 20, 'p': 2}",0.8924987242728355,0.8924987242728355,0.0,6
3,0.0697629451751709,0.0,0.3491849899291992,0.0,25,1,"{'n_neighbors': 25, 'p': 1}",0.8933153274814315,0.8933153274814315,0.0,3
3,0.06376171112060547,0.0,0.36922502517700195,0.0,25,2,"{'n_neighbors': 25, 'p': 2}",0.8949856491642748,0.8949856491642748,0.0,1
3,0.07480764389038086,0.0,0.38794970512390137,0.0,30,1,"{'n_neighbors': 30, 'p': 1}",0.892526931885656,0.892526931885656,0.0,5
3,0.05964231491088867,0.0,0.37334442138671875,0.0,30,2,"{'n_neighbors': 30, 'p': 2}",0.8936025793314101,0.8936025793314101,0.0,2
2,0.04390573501586914,0.0,0.2653331756591797,0.0,5,1,"{'n_neighbors': 5, 'p': 1}",0.8816618423293034,0.8816618423293034,0.0,11
2,0.044905900955200195,0.0,0.2703561782836914,0.0,5,2,"{'n_neighbors': 5, 'p': 2}",0.8813213008683807,0.8813213008683807,0.0,12
2,0.04190635681152344,0.0,0.2951040267944336,0.0,10,1,"{'n_neighbors': 10, 'p': 1}",0.8854398902418111,0.8854398902418111,0.0,9
2,0.04084587097167969,0.0,0.30419397354125977,0.0,10,2,"{'n_neighbors': 10, 'p': 2}",0.8852121731675954,0.8852121731675954,0.0,10
2,0.043845415115356445,0.0,0.2703561782836914,0.0,15,1,"{'n_neighbors': 15, 'p': 1}",0.8888137312928045,0.8888137312928045,0.0,8
2,0.044904232025146484,0.0,0.3121354579925537,0.0,15,2,"{'n_neighbors': 15, 'p': 2}",0.8893966319708895,0.8893966319708895,0.0,7
2,0.06673383712768555,0.0,0.28830599784851074,0.0,20,1,"{'n_neighbors': 20, 'p': 1}",0.8918528587205845,0.8918528587205845,0.0,6
2,0.06273555755615234,0.0,0.2863039970397949,0.0,20,2,"{'n_neighbors': 20, 'p': 2}",0.8923076923076922,0.8923076923076922,0.0,5
2,0.029056072235107422,0.0,0.2970452308654785,0.0,25,1,"{'n_neighbors': 25, 'p': 1}",0.8944308703344849,0.8944308703344849,0.0,2
2,0.05788707733154297,0.0,0.28532981872558594,0.0,25,2,"{'n_neighbors': 25, 'p': 2}",0.8934198331788693,0.8934198331788693,0.0,4
2,0.05088663101196289,0.0,0.27730607986450195,0.0,30,1,"{'n_neighbors': 30, 'p': 1}",0.8941615117362934,0.8941615117362934,0.0,3
2,0.053937435150146484,0.0,0.2671635150909424,0.0,30,2,"{'n_neighbors': 30, 'p': 2}",0.8945719366584808,0.8945719366584808,0.0,1
1,0.02292466163635254,0.0,0.34073448181152344,0.0,5,1,"{'n_neighbors': 5, 'p': 1}",0.8666889968179534,0.8666889968179534,0.0,1
1,0.023927688598632812,0.0,0.23325729370117188,0.0,5,2,"{'n_neighbors': 5, 'p': 2}",0.8666889968179534,0.8666889968179534,0.0,1
1,0.027922630310058594,0.0,0.3059849739074707,0.0,10,1,"{'n_neighbors': 10, 'p': 1}",0.8520903081809597,0.8520903081809597,0.0,11
1,0.025922775268554688,0.0,0.3594956398010254,0.0,10,2,"{'n_neighbors': 10, 'p': 2}",0.8520903081809597,0.8520903081809597,0.0,11
1,0.025922298431396484,0.0,0.3645319938659668,0.0,15,1,"{'n_neighbors': 15, 'p': 1}",0.8601440067767895,0.8601440067767895,0.0,9
1,0.028921842575073242,0.0,0.3574953079223633,0.0,15,2,"{'n_neighbors': 15, 'p': 2}",0.8601440067767895,0.8601440067767895,0.0,9
1,0.0298764705657959,0.0,0.2989490032196045,0.0,20,1,"{'n_neighbors': 20, 'p': 1}",0.8645204560697519,0.8645204560697519,0.0,3
1,0.0298764705657959,0.0,0.3564596176147461,0.0,20,2,"{'n_neighbors': 20, 'p': 2}",0.8645204560697519,0.8645204560697519,0.0,3
1,0.0298764705657959,0.0,0.3216745853424072,0.0,25,1,"{'n_neighbors': 25, 'p': 1}",0.8612648884415366,0.8612648884415366,0.0,5
1,0.0298764705657959,0.0,0.32870054244995117,0.0,25,2,"{'n_neighbors': 25, 'p': 2}",0.8612648884415366,0.8612648884415366,0.0,5
1,0.0298764705657959,0.0,0.32870054244995117,0.0,30,1,"{'n_neighbors': 30, 'p': 1}",0.8611768684477511,0.8611768684477511,0.0,7
1,0.0298764705657959,0.0,0.32767486572265625,0.0,30,2,"{'n_neighbors': 30, 'p': 2}",0.8611768684477511,0.8611768684477511,0.0,7
