,Random Forest,Support Vector Machine,Multilayer Perceptron,K-Nearest Neighbors,Naive Bayes
0,0,0,0,0,0
1,0,0,0,0,0
2,0,0,0,0,0
3,1,1,1,1,1
4,0,0,0,0,0
5,1,1,1,1,1
6,0,0,0,0,0
7,0,0,0,0,0
8,1,1,1,1,1
9,1,1,1,1,1
10,0,0,0,0,0
11,0,0,0,0,0
12,0,0,0,0,0
13,1,1,1,1,1
14,1,1,1,1,1
15,1,1,1,1,1
16,0,0,0,0,0
17,1,1,1,1,1
18,1,1,1,1,1
19,0,0,0,0,0
20,1,1,1,1,1
21,0,0,0,0,0
22,0,0,0,0,0
23,0,0,0,0,0
24,0,0,0,0,0
25,1,1,1,1,1
26,0,0,0,0,0
27,0,0,0,0,0
28,0,0,0,0,0
29,1,1,1,1,1
30,0,0,0,0,0
31,1,1,1,1,1
32,0,0,0,0,0
33,1,1,1,1,1
34,0,0,0,0,0
35,0,0,0,0,0
36,1,1,1,1,1
37,0,0,0,0,0
38,0,0,0,0,0
39,0,0,0,0,0
40,1,1,1,1,1
41,0,0,0,0,0
42,1,1,1,1,1
43,1,1,1,1,1
44,1,1,1,1,1
45,1,1,1,1,1
46,0,0,0,0,0
47,0,0,0,0,0
48,0,0,0,0,0
49,0,0,0,0,0
50,1,1,1,1,1
51,1,1,1,1,1
52,0,0,0,0,0
53,1,1,1,1,1
54,0,0,0,0,0
55,0,0,0,0,0
56,0,0,0,0,0
57,1,1,1,1,1
58,0,0,0,0,0
59,0,0,0,0,0
60,0,0,0,0,0
61,1,1,1,1,1
62,1,1,1,1,0
63,1,1,1,1,0
64,0,0,0,0,0
65,0,0,0,0,0
66,0,0,0,0,0
67,1,1,1,1,0
68,0,0,0,0,0
69,0,0,0,0,0
70,1,1,1,1,1
71,1,1,1,1,1
72,0,0,0,0,0
73,1,1,1,1,1
74,0,0,0,0,0
75,1,1,1,1,0
76,1,1,1,1,1
77,1,1,1,1,1
78,0,0,0,0,0
79,0,0,0,0,0
80,1,1,1,1,1
81,1,1,1,1,1
82,1,1,1,1,1
83,0,0,0,0,0
84,0,0,0,0,0
85,0,0,0,0,0
86,1,1,1,1,1
87,0,0,0,0,0
88,0,0,0,0,0
89,0,0,0,0,0
90,1,1,1,1,1
91,0,0,0,0,0
92,0,0,0,0,0
93,1,1,1,1,1
94,0,0,0,0,0
95,1,1,1,1,1
96,1,1,1,1,1
97,1,1,1,1,0
98,1,1,1,1,1
99,0,0,0,0,0
100,1,1,1,1,0
101,0,0,0,0,0
102,0,0,0,0,0
103,1,1,1,1,1
104,1,1,1,1,1
105,1,1,1,1,1
106,1,1,1,1,1
107,0,0,0,0,0
108,1,1,1,1,1
109,1,1,1,1,1
110,0,0,0,0,0
111,0,0,0,0,0
112,1,1,1,1,1
113,1,1,1,1,0
114,1,1,1,1,0
115,1,1,1,1,1
116,0,0,0,0,0
117,0,0,0,0,0
118,0,0,0,0,0
119,1,1,1,1,1
120,0,0,0,0,0
121,0,0,0,0,0
122,0,0,0,0,0
123,0,0,0,0,0
124,1,1,1,1,1
125,1,1,1,1,1
126,1,1,1,1,1
127,0,0,0,0,0
128,1,1,1,1,1
129,1,1,1,1,1
130,0,0,0,0,0
131,1,1,1,1,0
132,1,1,1,1,1
133,1,1,1,1,1
134,0,0,0,0,0
135,1,1,1,1,1
136,1,1,1,1,1
137,0,0,0,0,0
138,1,1,1,1,0
139,0,0,0,0,0
140,0,0,0,0,0
141,1,1,1,1,1
142,1,1,1,1,1
143,0,0,0,0,0
144,0,0,0,0,0
145,0,0,0,0,0
146,0,0,0,0,0
147,0,0,0,0,0
148,1,1,1,1,1
149,0,0,0,0,0
150,1,1,1,1,1
151,0,0,0,0,0
152,0,0,0,0,0
153,1,1,1,1,1
154,0,0,0,0,0
155,0,0,0,0,0
156,0,0,0,0,0
157,1,1,1,1,1
158,1,1,1,1,1
159,0,0,0,0,0
160,1,1,1,1,1
161,0,0,0,0,0
162,1,1,1,1,1
163,1,1,1,1,1
164,1,1,1,1,1
165,0,0,0,0,0
166,0,0,0,0,0
167,1,1,1,1,1
168,0,0,0,0,0
169,1,1,1,1,1
170,0,0,0,0,0
171,0,0,0,0,0
172,0,0,0,0,0
173,1,1,1,1,1
174,0,0,0,0,0
175,0,0,0,0,0
176,1,1,1,1,1
177,0,0,0,0,0
178,0,0,0,0,0
179,1,1,1,1,1
180,1,1,1,1,1
181,0,0,0,0,0
182,0,0,0,0,0
183,0,0,0,0,0
184,0,0,0,0,0
185,0,0,0,0,0
186,1,1,1,1,1
187,1,1,1,1,1
188,0,0,0,0,0
189,0,0,0,0,0
190,0,0,0,0,0
191,1,1,1,1,0
192,1,1,1,1,1
193,0,0,0,0,0
194,1,1,1,1,1
195,0,0,0,0,0
196,0,0,0,0,0
197,0,0,0,0,0
198,1,1,1,1,1
199,1,1,1,1,1
200,1,1,1,1,1
201,1,1,1,1,0
202,0,0,0,0,0
203,0,0,0,0,0
204,1,1,1,1,1
205,0,0,0,0,0
206,1,1,1,1,1
207,0,0,0,0,0
208,1,1,1,1,1
209,1,1,1,1,0
210,0,0,0,0,0
211,0,0,0,0,0
212,1,1,1,1,1
213,1,1,1,1,1
214,1,1,1,1,1
215,1,1,1,1,1
216,1,1,1,1,1
217,0,0,0,0,0
218,1,1,1,1,1
219,1,1,1,1,0
220,1,1,1,1,1
221,0,0,0,0,0
222,0,0,0,0,0
223,1,1,1,1,1
224,1,1,1,1,0
225,0,0,0,0,0
226,0,0,0,0,0
227,1,1,1,1,1
228,0,0,0,0,0
229,1,1,1,0,1
230,0,0,0,0,0
231,0,0,0,0,0
232,1,1,1,1,1
233,0,0,0,0,0
234,0,0,0,0,0
235,1,1,1,1,1
236,0,0,0,0,0
237,0,0,0,0,0
238,1,1,1,1,1
239,0,0,0,0,0
240,1,1,1,1,1
241,0,0,0,0,0
242,1,1,1,1,1
243,0,0,0,0,0
244,0,0,0,0,0
245,1,1,1,1,1
246,0,0,0,0,0
247,1,1,1,1,0
248,1,1,1,1,1
249,1,1,1,1,1
250,1,1,1,1,1
251,1,1,1,1,1
252,0,0,0,0,0
253,1,1,1,1,1
254,1,1,1,1,1
255,1,1,1,1,0
256,1,1,1,1,1
257,0,0,0,0,0
258,1,1,1,1,1
259,1,1,1,1,1
260,1,1,1,1,1
261,1,1,1,1,1
262,0,0,0,0,0
263,0,0,0,0,0
264,1,1,1,1,1
265,1,1,1,1,1
266,0,0,0,0,0
267,0,0,0,0,0
268,1,1,1,1,1
269,0,0,0,0,0
270,0,0,0,0,1
271,1,1,1,1,0
272,1,1,1,1,1
273,0,0,0,0,0
274,1,1,1,1,1
275,1,1,1,1,1
276,1,1,1,1,1
277,0,0,0,0,0
278,1,1,1,1,1
279,0,0,0,0,0
280,1,1,1,1,1
281,0,0,0,0,0
282,0,0,0,0,0
283,1,1,1,1,1
284,1,1,1,1,1
285,1,1,1,1,0
286,0,0,0,0,0
287,0,0,0,0,0
288,1,1,1,1,1
289,0,0,0,0,0
290,0,0,0,0,0
291,0,0,0,0,0
292,0,0,0,0,0
293,1,1,1,1,1
294,0,0,0,0,0
295,0,0,0,0,0
296,1,1,1,1,1
297,1,1,1,1,0
298,1,1,1,1,0
299,0,0,0,0,0
300,0,0,0,0,0
301,1,1,1,1,1
302,1,1,1,1,1
303,0,0,0,0,0
304,1,1,1,1,1
305,0,0,0,0,0
306,0,0,0,0,0
307,0,0,0,0,0
308,1,1,1,1,1
309,1,1,1,1,0
310,1,1,1,1,1
311,0,0,0,0,0
312,1,1,1,1,1
313,1,1,1,1,0
314,1,1,1,1,0
315,1,1,1,1,1
316,1,1,1,1,1
317,0,0,0,0,0
318,1,1,1,1,0
319,0,0,0,0,0
320,1,1,1,1,1
321,0,0,0,0,1
322,0,0,0,0,0
323,0,0,0,0,0
324,0,0,0,0,0
325,0,0,0,0,0
326,0,0,0,0,0
327,1,1,1,1,1
328,0,0,0,0,0
329,0,0,0,0,0
330,0,0,0,0,0
331,1,1,1,1,1
332,0,0,0,0,0
333,0,0,0,0,0
334,1,1,1,1,1
335,1,1,1,1,1
336,1,1,1,1,0
337,0,0,0,0,0
338,0,0,0,0,0
339,1,1,1,1,1
340,0,0,0,0,0
341,0,0,0,0,0
342,1,1,1,1,1
343,1,1,1,1,1
344,0,0,0,0,0
345,0,0,0,0,0
346,0,0,0,0,0
347,0,0,0,0,0
348,1,1,1,1,1
349,0,0,0,0,0
350,1,1,1,1,1
351,1,1,1,1,1
352,0,0,0,0,0
353,0,0,0,0,0
354,1,1,1,1,1
355,1,1,1,1,1
356,1,1,1,1,1
357,0,0,0,0,0
358,1,1,1,1,1
359,0,0,0,0,0
360,0,0,0,0,0
361,0,0,0,0,0
362,1,1,1,1,1
363,0,1,1,1,0
364,1,1,1,1,1
365,1,1,1,1,1
366,0,0,0,0,0
367,0,0,0,0,0
368,0,0,0,0,0
369,0,0,0,0,0
370,1,1,1,1,1
371,0,0,0,0,0
372,1,1,1,1,1
373,0,0,0,0,0
374,1,1,1,1,1
375,0,0,0,0,0
376,0,0,0,0,0
377,0,0,0,0,0
378,0,0,0,0,0
379,1,1,1,1,1
380,0,0,0,0,0
381,1,1,1,1,1
382,0,0,0,0,0
383,0,0,0,0,0
384,1,1,1,1,1
385,1,1,1,1,1
386,1,1,1,1,1
387,1,1,1,1,1
388,0,0,0,0,0
389,1,1,1,1,1
390,0,0,0,0,0
391,0,0,0,0,0
392,0,0,0,0,0
393,1,1,1,1,1
394,0,0,0,0,0
395,0,0,0,0,0
396,1,1,1,1,1
397,0,0,0,0,0
398,1,1,1,1,1
399,1,1,1,1,1
400,0,0,0,0,0
401,1,1,1,1,1
402,1,1,1,1,1
403,0,0,0,0,0
404,0,0,0,0,0
405,1,0,0,0,0
406,1,1,1,1,1
407,0,0,0,0,0
408,0,0,0,0,0
409,0,0,0,0,0
410,0,0,0,0,0
411,0,0,0,0,0
412,0,0,0,0,0
413,1,1,1,1,1
414,0,0,0,0,0
415,0,0,0,0,0
416,1,1,1,1,1
417,1,1,1,1,1
418,1,1,1,1,0
419,1,1,1,1,1
420,1,1,1,1,1
421,0,0,0,0,0
422,0,0,0,0,0
423,0,0,0,0,0
424,1,1,1,1,1
425,0,0,0,0,0
426,0,0,0,0,0
427,1,1,1,1,1
428,1,1,1,1,1
429,0,0,0,0,0
430,1,1,1,1,0
431,0,0,0,0,0
432,1,1,1,1,0
433,1,1,1,1,0
434,0,0,0,0,0
435,0,0,0,0,0
436,1,0,0,1,0
437,0,0,0,0,0
438,0,0,0,0,0
439,1,1,1,1,0
440,1,1,1,1,1
441,1,1,1,1,1
442,1,1,1,1,1
443,0,0,0,0,0
444,0,0,0,0,0
445,0,0,0,0,0
446,0,0,0,0,0
447,0,0,0,0,0
448,0,0,0,0,0
449,0,0,0,0,0
450,1,1,1,1,1
451,0,0,0,0,0
452,0,0,0,0,0
453,0,0,0,0,0
454,0,0,0,0,0
455,1,1,1,1,1
456,0,0,0,0,0
457,0,0,0,0,0
458,1,1,1,1,1
459,0,0,0,0,0
460,1,1,1,1,1
461,1,1,1,1,1
462,0,0,0,0,0
463,1,1,1,1,1
464,0,0,0,0,0
465,1,1,1,1,1
466,1,1,1,1,1
467,1,1,1,1,1
468,0,0,0,0,0
469,1,1,1,1,1
470,1,1,1,1,0
471,0,0,0,0,0
472,0,0,0,0,0
473,1,1,1,1,1
474,0,0,0,0,0
475,1,1,1,1,1
476,0,0,0,0,0
477,1,1,1,1,0
478,1,1,1,1,1
479,1,1,1,1,1
480,1,1,1,1,1
481,1,1,1,1,1
482,1,1,1,1,0
483,0,0,0,0,0
484,1,1,1,1,1
485,0,0,0,0,0
486,0,0,0,0,0
487,1,1,1,1,1
488,1,1,1,1,1
489,1,1,1,1,0
490,0,0,0,0,0
491,0,0,0,0,0
492,0,0,0,0,0
493,0,0,0,0,0
494,1,1,1,1,1
495,1,1,1,1,0
496,0,0,0,0,0
497,0,0,0,0,0
498,1,1,1,1,1
499,0,0,0,0,0
500,0,0,0,0,0
501,0,0,0,0,0
502,1,1,1,1,1
503,1,1,1,1,1
504,0,0,0,0,0
505,1,1,1,1,1
506,0,0,0,0,0
507,0,0,0,0,0
508,1,1,1,1,1
509,0,0,0,0,0
510,1,1,1,1,1
511,0,0,0,0,0
512,1,1,1,1,0
513,1,1,1,1,1
514,0,0,0,0,0
515,1,1,1,1,1
516,0,0,0,0,0
517,1,1,1,1,0
518,0,0,0,0,0
519,0,0,0,0,0
520,0,0,0,0,0
521,1,1,1,1,1
522,0,0,0,0,0
523,0,0,0,0,0
524,1,1,1,1,1
525,0,0,0,0,0
526,0,0,0,0,0
527,0,0,0,0,0
528,1,1,1,1,0
529,1,1,1,1,1
530,1,1,1,1,1
531,1,1,1,1,0
532,0,0,0,0,0
533,1,1,1,1,1
534,1,1,1,1,1
535,0,0,0,0,0
536,1,1,1,1,1
537,1,1,1,1,1
538,1,1,1,1,1
539,0,0,0,0,0
540,0,0,0,0,0
541,1,1,1,1,1
542,1,1,1,1,1
543,1,1,1,1,1
544,0,0,0,0,0
545,0,0,0,0,0
546,0,0,0,0,0
547,1,1,1,1,1
548,0,0,0,0,0
549,0,0,0,0,0
550,0,0,0,0,0
551,1,1,1,1,1
552,0,0,0,0,0
553,1,1,1,1,1
554,1,1,1,1,1
555,1,1,1,1,1
556,1,1,1,1,1
557,0,0,0,0,0
558,0,0,0,0,0
559,1,1,1,1,1
560,0,0,0,0,0
561,1,1,1,1,1
562,1,1,1,1,1
563,1,1,1,1,1
564,0,0,0,0,0
565,0,0,0,0,0
566,1,1,1,1,1
567,0,0,0,0,0
568,0,0,0,0,0
569,1,1,1,1,1
570,1,1,1,1,1
571,1,1,1,1,0
572,0,0,0,0,0
573,1,1,1,1,1
574,0,0,0,0,0
575,0,0,0,0,0
576,1,1,1,1,1
577,1,1,1,1,1
578,1,1,1,1,1
579,0,0,0,0,0
580,1,1,1,1,1
581,1,1,1,1,1
582,0,0,0,0,0
583,0,0,0,0,0
584,1,1,1,1,1
585,1,1,1,1,1
586,0,0,0,0,0
587,0,0,0,0,0
588,1,1,1,1,1
589,1,1,1,1,1
590,0,0,0,0,0
591,1,1,1,1,1
592,0,0,0,0,0
593,1,1,1,1,1
594,0,0,0,0,0
595,0,0,0,0,0
596,0,0,0,0,0
597,0,0,0,0,0
598,0,0,0,0,0
599,0,0,0,0,0
600,1,1,1,1,1
601,1,1,1,1,1
602,1,1,1,1,0
603,0,0,0,0,0
604,1,1,1,1,1
605,1,1,1,1,1
606,0,0,0,0,0
607,0,0,0,0,0
608,0,0,0,0,0
609,1,1,1,1,1
610,0,0,0,0,0
611,0,0,0,0,0
612,0,0,0,0,0
613,0,0,0,0,0
614,0,0,0,0,0
615,1,1,1,1,1
616,0,0,0,0,0
617,1,1,1,1,1
618,0,0,0,0,0
619,1,1,1,1,1
620,0,0,0,0,0
621,0,0,0,0,0
622,1,1,1,1,1
623,0,0,0,0,0
624,0,0,0,0,0
625,0,0,0,0,0
626,0,0,0,0,0
627,0,0,0,0,0
628,1,1,1,1,1
629,0,0,0,0,0
630,1,1,1,1,1
631,0,0,0,0,0
632,1,1,1,1,1
633,0,0,0,0,0
634,1,1,1,1,0
635,0,0,0,0,0
636,0,0,0,0,0
637,0,0,0,0,0
638,0,0,0,0,0
639,1,1,1,1,1
640,1,1,1,1,1
641,0,0,0,0,0
642,0,0,0,0,0
643,0,0,0,0,0
644,1,1,1,1,1
645,0,0,0,0,0
646,0,0,0,0,0
647,1,1,1,1,1
648,1,1,1,1,0
649,0,1,1,1,0
650,0,0,0,0,0
651,0,0,0,0,0
652,1,1,1,1,1
653,1,1,1,1,1
654,1,1,1,1,0
655,1,1,1,1,1
656,0,0,0,1,0
657,0,0,0,0,0
658,0,0,0,0,0
659,0,0,0,0,0
660,1,1,1,1,1
661,0,0,0,0,0
662,0,0,0,0,0
663,0,0,0,0,0
664,0,0,0,0,0
665,1,1,1,1,1
666,0,0,0,0,0
667,1,1,1,1,1
668,0,0,0,0,0
669,1,1,1,1,1
670,0,0,0,0,0
671,0,0,0,0,0
672,0,0,0,0,0
673,0,0,0,0,0
674,1,1,1,1,1
675,1,0,1,0,0
676,1,1,1,1,1
677,1,1,1,1,1
678,0,0,0,0,0
679,0,0,0,0,0
680,1,0,0,0,0
681,1,0,1,1,0
682,0,0,0,0,0
683,0,0,0,0,0
684,0,0,0,0,0
685,0,0,0,0,0
686,0,0,0,0,0
687,1,1,1,1,1
688,1,1,1,1,1
689,1,1,1,1,1
690,1,1,1,1,1
691,1,1,1,1,1
692,0,0,0,0,0
693,1,1,1,1,1
694,1,1,1,1,1
695,0,0,0,0,0
696,0,0,0,0,0
697,1,1,1,1,1
698,0,0,0,0,0
699,1,1,1,1,1
700,1,1,1,1,1
701,0,0,0,0,0
702,1,1,1,1,1
703,1,1,1,1,1
704,1,1,1,1,1
705,1,1,1,1,1
706,0,0,0,0,0
707,0,0,0,0,0
708,1,1,1,1,1
709,1,1,1,1,1
710,1,1,1,1,0
711,0,0,0,0,0
712,0,0,0,0,0
713,1,1,1,1,1
714,0,0,0,0,0
715,0,0,0,0,0
716,0,0,0,0,0
717,1,1,1,1,1
718,1,1,1,1,1
719,0,0,0,0,0
720,0,0,0,0,0
721,0,0,0,0,0
722,0,0,0,0,0
723,1,1,1,1,1
724,1,1,1,1,1
725,0,0,0,0,0
726,0,0,0,0,0
727,1,1,1,1,0
728,1,1,1,1,1
729,1,1,1,1,0
730,0,0,0,0,0
731,1,1,1,1,1
732,1,1,1,1,1
733,0,0,0,0,0
734,1,1,1,1,1
735,0,0,0,0,0
736,0,0,0,0,0
737,0,0,0,0,0
738,0,0,0,0,0
739,0,0,0,0,0
740,1,1,1,1,1
741,1,1,1,1,1
742,0,0,0,0,0
743,1,1,1,1,1
744,0,0,0,0,0
745,1,1,1,1,1
746,0,0,0,0,0
747,0,0,0,0,0
748,0,0,0,0,0
749,0,0,0,0,0
750,0,0,0,0,0
751,0,0,0,0,0
752,0,0,0,0,0
753,0,0,0,0,0
754,0,0,0,0,1
755,0,0,0,0,0
756,1,1,1,1,1
757,1,1,1,1,1
758,1,1,1,1,1
759,1,1,1,1,1
760,0,0,0,0,0
761,1,1,1,1,1
762,0,0,0,0,0
763,1,1,1,1,1
764,0,0,0,0,0
765,0,0,0,0,0
766,1,1,1,1,1
767,1,1,1,1,1
768,1,1,1,1,1
769,1,1,1,1,0
770,1,1,1,1,1
771,0,0,0,0,0
772,1,1,1,1,1
773,1,1,1,1,1
774,1,1,1,1,1
775,1,1,1,1,1
776,0,0,0,0,1
777,0,1,1,0,0
778,1,1,1,1,1
779,0,0,0,0,0
780,1,1,1,1,1
781,0,0,0,0,0
782,1,1,1,1,1
783,0,0,0,0,0
784,0,0,0,0,0
785,1,1,1,1,0
786,1,1,1,1,1
787,0,0,0,0,0
788,0,0,0,0,0
789,1,1,1,1,1
790,1,1,1,1,1
791,0,0,0,0,0
792,1,1,1,1,1
793,0,0,0,0,0
794,1,1,1,1,1
795,1,1,1,1,1
796,1,1,1,1,1
797,0,0,0,0,0
798,0,0,0,0,0
799,1,1,1,1,1
800,1,1,1,1,1
801,0,0,0,0,0
802,1,1,1,1,1
803,1,1,1,1,1
804,0,0,0,0,0
805,0,0,0,0,0
806,1,1,1,1,0
807,1,1,1,1,1
808,1,1,1,1,1
809,0,0,0,0,0
810,1,1,1,1,1
811,1,1,1,1,1
812,0,0,0,0,0
813,1,1,1,1,1
814,0,0,0,0,0
815,0,0,0,0,0
816,0,0,0,0,0
817,1,1,1,1,0
818,0,0,0,0,0
819,0,0,0,0,0
820,0,0,0,0,0
821,0,0,0,0,0
822,1,1,1,1,1
823,0,0,0,0,0
824,1,1,1,1,0
825,0,0,0,0,0
826,0,0,0,0,0
827,1,1,1,1,1
828,1,1,1,1,0
829,0,0,0,0,0
830,0,0,0,0,0
831,1,1,1,1,1
832,0,0,0,0,0
833,1,1,1,1,0
834,1,1,1,1,1
835,0,0,0,0,0
836,1,1,1,1,1
837,0,0,0,0,0
838,0,0,0,0,0
839,0,0,0,0,0
840,1,1,1,1,1
841,1,1,1,1,1
842,0,0,0,0,0
843,0,0,0,0,0
844,1,1,1,1,1
845,1,1,1,1,1
846,0,0,0,0,0
847,1,1,1,1,1
848,1,1,1,1,1
849,0,0,0,0,0
850,0,0,0,0,0
851,1,1,1,1,1
852,0,0,0,0,0
853,0,0,0,0,0
854,1,1,1,1,1
855,1,1,1,1,1
856,0,0,0,0,0
857,1,1,1,1,0
858,0,0,0,0,0
859,0,0,0,0,0
860,1,1,1,1,1
861,0,0,0,0,0
862,0,0,0,0,0
863,0,0,0,0,0
864,0,0,0,0,0
865,1,1,1,1,1
866,1,1,1,1,1
867,1,1,1,1,1
868,0,0,0,0,0
869,0,0,0,0,0
870,1,1,1,1,1
871,0,0,0,0,0
872,0,0,0,0,0
873,1,1,1,1,1
874,0,0,0,0,0
875,0,0,0,0,0
876,0,0,0,0,0
877,1,1,1,1,1
878,1,1,1,1,0
879,1,1,1,1,1
880,0,0,0,0,0
881,0,0,0,0,0
882,1,1,1,1,0
883,0,0,0,0,0
884,1,1,1,1,1
885,1,1,1,1,1
886,1,1,1,1,1
887,0,0,0,0,0
888,0,0,0,0,0
889,1,1,1,1,0
890,0,0,0,0,0
891,1,1,1,1,1
892,1,1,1,1,1
893,0,0,0,0,0
894,0,0,0,0,0
895,0,0,0,0,0
896,1,1,1,1,1
897,1,1,1,1,1
898,1,1,1,1,0
899,1,1,1,1,1
900,1,1,1,1,1
901,1,1,1,1,1
902,0,0,0,0,0
903,1,1,1,1,1
904,1,1,1,1,0
905,1,1,1,1,1
906,0,0,0,0,0
907,1,1,1,1,1
908,1,1,1,1,1
909,0,0,0,0,0
910,0,0,0,0,0
911,1,1,1,1,1
912,1,1,1,1,0
913,0,0,0,0,0
914,0,0,0,0,0
915,1,1,1,1,1
916,0,0,0,0,0
917,1,1,1,1,1
918,1,1,1,1,1
919,0,0,0,0,0
920,1,1,1,1,1
921,0,0,0,0,0
922,0,0,0,0,0
923,1,1,1,1,1
924,0,0,0,0,0
925,0,0,0,0,0
926,0,0,0,0,0
927,1,1,1,1,1
928,0,0,0,0,0
929,0,0,0,0,0
930,1,1,1,1,1
931,1,1,1,1,1
932,1,1,1,1,1
933,0,0,0,0,0
934,1,1,1,1,1
935,0,0,0,0,0
936,0,0,0,0,0
937,1,1,1,1,1
938,1,1,1,1,1
939,0,0,0,0,0
940,0,0,0,0,0
941,0,0,0,0,0
942,1,1,1,1,0
943,1,1,1,1,1
944,1,1,1,1,1
945,1,1,1,1,1
946,0,0,0,0,0
947,1,1,1,1,1
948,0,0,0,0,0
949,1,1,1,1,1
950,0,0,0,0,0
951,0,0,0,0,0
952,0,0,0,0,0
953,0,0,0,0,0
954,0,0,0,0,0
955,1,0,0,1,1
956,1,1,1,1,1
957,1,1,1,1,1
958,0,0,0,0,0
959,1,1,1,1,0
960,1,1,1,1,1
961,0,0,0,0,0
962,0,0,0,0,0
963,1,1,1,1,1
964,1,1,1,1,0
965,1,1,1,1,1
966,1,1,1,1,1
967,0,0,0,0,0
968,0,0,0,0,0
969,1,1,1,1,1
970,1,1,1,1,1
971,1,1,1,1,0
972,1,1,1,1,1
973,1,1,1,1,1
974,0,0,0,0,0
975,1,1,1,1,1
976,1,1,1,1,0
977,0,0,0,0,0
978,0,0,0,0,0
979,0,0,0,0,0
980,0,0,0,0,0
981,0,0,0,0,0
982,1,1,1,1,1
983,0,0,0,0,0
984,0,0,0,0,0
985,0,0,0,0,0
986,0,0,0,0,0
987,0,0,0,0,0
988,1,1,1,1,1
989,1,1,1,1,1
990,1,1,1,1,1
991,0,0,0,0,0
992,0,0,0,0,0
993,1,1,1,1,1
994,0,0,0,0,0
995,0,0,0,0,0
996,0,0,0,0,0
997,1,1,1,1,1
998,0,0,0,0,0
999,0,0,0,0,0
1000,1,1,1,1,1
1001,0,0,0,0,0
1002,1,1,1,1,1
1003,1,1,1,1,1
1004,1,1,1,1,1
1005,1,1,1,1,1
1006,1,1,1,1,1
1007,1,1,1,1,1
1008,0,0,0,0,0
1009,0,0,0,0,0
1010,1,1,1,1,1
1011,1,1,1,1,1
1012,1,1,1,1,1
1013,0,0,0,0,0
1014,0,0,0,0,0
1015,0,0,0,0,0
1016,0,0,0,0,0
1017,1,1,1,1,1
1018,1,1,1,1,1
1019,1,1,1,1,1
1020,1,1,1,1,1
1021,0,0,0,0,0
1022,1,1,1,1,0
1023,0,0,0,0,0
1024,1,1,1,1,0
1025,0,0,0,0,0
1026,0,0,0,0,0
1027,1,1,1,1,1
1028,0,0,0,0,0
1029,1,1,1,1,1
1030,0,0,0,0,0
1031,0,0,0,0,0
1032,0,0,0,0,0
1033,0,0,0,0,0
1034,0,0,0,0,0
1035,1,1,1,1,1
1036,0,0,0,0,0
1037,1,1,1,1,1
1038,0,0,0,0,0
1039,1,1,1,1,1
1040,0,0,0,0,0
1041,0,0,0,0,0
1042,0,0,0,0,0
1043,0,0,0,0,0
1044,0,0,0,0,0
1045,0,0,0,0,0
1046,1,1,1,1,0
1047,0,0,0,0,0
1048,1,1,1,1,1
1049,1,1,1,1,1
1050,0,0,0,0,0
1051,0,0,0,0,0
1052,0,0,0,0,0
1053,0,0,0,0,0
1054,0,0,0,0,0
1055,1,1,1,1,1
1056,1,1,1,1,1
1057,1,1,1,1,1
1058,1,1,1,1,1
1059,0,0,0,0,0
1060,1,1,1,1,1
1061,1,1,1,0,0
1062,1,1,1,1,1
1063,1,1,1,1,1
1064,0,0,0,0,0
1065,0,0,0,0,0
1066,1,1,1,1,1
1067,1,1,1,1,1
1068,0,0,0,0,0
1069,1,1,1,1,1
1070,1,1,1,1,1
1071,1,1,1,1,1
1072,1,1,1,1,1
1073,0,0,0,0,0
1074,0,0,0,0,0
1075,1,1,1,1,1
1076,0,0,0,0,0
1077,1,1,1,1,1
1078,0,0,0,0,0
1079,1,1,1,1,1
1080,1,1,1,1,1
1081,1,1,1,1,1
1082,1,1,1,1,1
1083,1,1,1,1,0
1084,1,1,1,1,1
1085,0,0,0,0,0
1086,1,1,1,1,1
1087,0,0,0,0,0
1088,1,1,1,1,1
1089,1,1,1,1,1
1090,1,1,1,1,1
1091,1,1,1,1,1
1092,0,0,0,0,0
1093,0,0,0,0,0
1094,0,0,0,0,0
1095,1,1,1,1,1
1096,1,1,1,1,1
1097,1,1,1,1,1
1098,1,1,1,1,1
1099,1,1,1,1,1
1100,1,1,1,1,1
1101,1,1,1,1,1
1102,1,1,1,1,1
1103,0,0,0,0,0
1104,0,0,0,0,0
1105,0,0,0,0,0
1106,1,1,1,1,1
1107,0,0,0,0,0
1108,0,0,0,0,0
1109,1,1,1,1,1
1110,0,0,0,0,0
1111,1,1,1,1,1
1112,0,0,0,0,0
1113,1,1,1,1,1
1114,0,0,0,0,0
1115,1,1,1,1,1
1116,1,1,1,1,1
1117,1,1,1,1,1
1118,1,1,1,1,1
1119,1,1,1,1,0
1120,1,1,1,1,1
1121,1,1,1,1,1
1122,0,0,0,0,0
1123,1,1,1,1,1
1124,1,1,1,1,1
1125,0,0,0,0,0
1126,1,1,1,1,1
1127,1,1,1,1,1
1128,0,0,0,0,0
1129,0,0,0,0,0
1130,0,0,0,0,0
1131,0,0,0,0,0
1132,1,1,1,1,1
1133,0,0,0,0,0
1134,1,1,1,1,1
1135,1,1,1,1,0
1136,0,0,0,0,0
1137,0,0,0,0,0
1138,0,0,0,0,0
1139,0,0,0,0,0
1140,1,1,1,1,0
1141,0,0,0,0,0
1142,0,0,0,0,0
1143,1,1,1,1,1
1144,1,1,1,1,1
1145,0,0,0,0,0
1146,0,0,0,0,0
1147,0,0,0,0,0
1148,1,1,1,1,1
1149,0,0,0,0,0
1150,1,1,1,1,1
1151,1,1,1,1,1
1152,1,1,1,1,1
1153,1,1,1,1,1
1154,1,1,1,1,1
1155,1,1,1,1,1
1156,1,1,1,1,1
1157,1,1,1,1,1
1158,1,1,1,1,1
1159,0,0,0,0,0
1160,1,1,1,1,1
1161,1,1,1,1,1
1162,1,1,1,1,0
1163,0,0,0,0,0
1164,1,1,1,1,1
1165,1,1,1,1,0
1166,0,0,0,0,0
1167,1,1,1,1,1
1168,0,0,0,0,0
1169,1,1,1,1,1
1170,0,0,0,0,0
1171,1,1,1,1,1
1172,0,0,0,0,0
1173,0,0,0,0,0
1174,0,0,0,0,0
1175,1,1,1,1,1
1176,0,0,0,0,0
1177,0,0,0,0,0
1178,0,0,0,0,0
1179,0,0,0,0,0
1180,1,1,1,1,1
1181,0,0,0,0,0
1182,1,1,1,1,1
1183,1,1,1,1,0
1184,0,0,0,0,0
1185,0,0,0,0,0
1186,1,1,1,1,1
1187,0,0,0,0,0
1188,1,1,1,1,1
1189,1,1,1,1,1
1190,0,0,0,0,0
1191,1,1,1,1,1
1192,0,0,0,0,0
1193,0,0,0,0,0
1194,1,1,1,1,1
1195,0,0,0,0,0
1196,0,0,0,0,0
1197,1,1,1,1,1
1198,1,1,1,1,1
1199,1,1,1,1,0
1200,0,0,0,0,0
1201,0,0,0,0,0
1202,0,0,0,0,0
1203,1,1,1,1,1
1204,0,0,0,0,0
1205,0,0,0,0,0
1206,1,1,1,1,0
1207,1,1,1,1,1
1208,0,0,0,0,0
1209,0,0,0,0,0
1210,1,1,1,1,1
1211,1,1,1,1,1
1212,1,1,1,1,1
1213,1,1,1,1,1
1214,1,1,1,1,1
1215,0,0,0,0,0
1216,1,1,1,1,1
1217,0,0,0,0,0
1218,1,1,1,1,1
1219,1,1,1,1,0
1220,1,1,1,1,1
1221,1,1,1,1,1
1222,1,1,1,1,1
1223,1,1,1,1,1
1224,1,1,1,1,0
1225,0,0,0,0,0
1226,1,0,0,1,0
1227,1,1,1,1,1
1228,0,0,0,0,0
1229,0,0,0,0,0
1230,1,1,1,1,1
1231,0,0,0,0,0
1232,1,1,1,1,1
1233,1,1,1,1,0
1234,1,1,1,1,1
1235,1,1,1,1,1
1236,1,1,1,1,1
1237,0,0,0,0,0
1238,0,0,0,0,0
1239,1,1,1,1,1
1240,1,1,1,1,1
1241,0,0,0,0,0
1242,1,1,1,1,1
1243,1,1,1,1,1
1244,0,0,0,0,0
1245,1,1,1,1,1
1246,0,0,0,0,0
1247,0,0,0,0,0
1248,0,0,0,0,0
1249,0,0,0,0,0
1250,1,1,1,1,1
1251,0,0,0,0,0
1252,1,1,1,1,1
1253,1,1,1,1,0
1254,1,1,1,1,1
1255,0,0,0,0,0
1256,1,1,1,1,0
1257,1,1,1,1,1
1258,1,1,1,1,1
1259,0,0,0,0,0
1260,0,0,0,0,0
1261,1,1,1,1,1
1262,0,0,0,0,0
1263,1,1,1,1,1
1264,1,1,1,1,1
1265,0,0,0,0,0
1266,0,0,0,0,0
1267,0,0,0,0,0
1268,1,1,1,1,1
1269,1,1,1,1,1
1270,0,0,0,0,0
1271,1,1,1,1,1
1272,1,1,1,1,1
1273,0,0,0,0,0
1274,1,1,1,1,0
1275,0,0,0,0,0
1276,0,0,0,0,0
1277,0,0,0,0,0
1278,0,0,0,0,0
1279,0,0,0,0,0
1280,1,1,1,1,1
1281,1,1,1,1,1
1282,0,0,1,0,0
1283,0,0,0,0,0
1284,1,1,1,1,1
1285,1,1,1,1,1
1286,0,0,0,0,0
1287,1,1,1,1,1
1288,1,1,1,1,1
1289,1,1,1,1,1
1290,1,1,1,1,1
1291,1,1,1,1,1
1292,1,1,1,1,1
1293,0,0,0,0,0
1294,0,0,0,0,0
1295,0,0,0,0,0
1296,0,0,0,0,0
1297,1,1,1,1,1
1298,0,0,0,0,0
1299,1,1,1,1,1
1300,1,1,1,1,1
1301,1,1,1,1,1
1302,1,1,1,1,1
1303,1,1,1,1,0
1304,1,1,1,1,1
1305,0,0,0,0,0
1306,1,1,1,1,1
1307,0,0,0,0,0
1308,1,1,1,1,1
1309,1,1,1,1,1
1310,0,0,0,0,0
1311,1,1,1,1,1
1312,1,1,1,1,0
1313,1,1,1,1,1
1314,0,0,0,0,0
1315,0,0,0,0,0
1316,0,0,0,0,0
1317,1,1,1,1,0
1318,1,1,1,1,0
1319,1,1,1,1,1
1320,0,0,0,0,0
1321,1,1,1,1,1
1322,1,1,1,1,1
1323,0,0,0,0,0
1324,0,0,0,0,0
1325,0,0,0,0,0
1326,0,0,0,0,0
1327,0,0,0,0,0
1328,1,1,1,1,1
1329,1,1,1,1,1
1330,1,1,1,1,1
1331,0,0,0,0,0
1332,0,0,0,0,0
1333,1,1,1,1,0
1334,0,0,0,0,0
1335,1,1,1,1,1
1336,1,1,1,1,1
1337,0,0,0,0,0
1338,1,1,1,1,1
1339,1,1,1,1,1
1340,1,1,1,1,1
1341,0,0,1,0,0
1342,1,1,1,1,0
1343,1,1,1,1,1
1344,0,0,0,0,0
1345,0,0,0,0,0
1346,1,1,1,1,1
1347,1,1,1,1,1
1348,1,1,1,1,1
1349,0,0,0,0,0
1350,1,1,1,1,0
1351,0,1,1,1,1
1352,1,1,1,1,1
1353,0,0,0,0,0
1354,0,0,0,0,0
1355,0,0,0,0,0
1356,0,0,0,0,0
1357,1,1,1,1,1
1358,1,1,1,1,1
1359,1,1,1,1,1
1360,1,1,1,1,1
1361,0,0,0,0,0
1362,0,0,0,0,0
1363,1,1,1,1,0
1364,0,0,0,0,0
1365,1,0,0,0,0
1366,1,1,1,1,1
1367,1,1,1,1,1
1368,0,0,0,0,0
1369,0,0,0,0,1
1370,0,0,0,0,0
1371,0,0,0,0,0
1372,1,1,1,1,1
1373,0,0,0,0,0
1374,1,1,1,1,1
1375,0,0,0,0,0
1376,0,0,0,0,0
1377,1,1,1,1,1
1378,1,1,1,1,1
1379,1,1,1,1,1
1380,0,0,0,0,0
1381,1,1,1,1,1
1382,1,1,1,1,0
1383,1,1,1,1,1
1384,1,1,1,1,0
1385,0,0,0,0,0
1386,0,0,0,0,0
1387,1,1,1,1,1
1388,0,0,0,0,0
1389,1,1,1,1,1
1390,1,1,1,1,1
1391,1,1,1,1,1
1392,1,1,1,1,0
1393,0,0,0,0,0
1394,0,0,0,0,0
1395,0,0,0,0,0
1396,1,1,1,1,0
1397,1,1,1,1,1
1398,1,1,1,1,1
1399,0,0,0,0,0
1400,1,1,1,1,0
1401,0,0,0,0,0
1402,0,0,0,0,0
1403,1,1,1,1,0
1404,0,0,0,0,0
1405,1,1,1,1,1
1406,0,1,1,0,0
1407,1,1,1,1,1
1408,0,0,0,0,0
1409,1,1,1,1,1
1410,0,0,0,0,0
1411,0,0,0,0,0
1412,1,1,1,1,1
1413,1,1,1,1,0
1414,0,0,0,0,0
1415,1,1,1,1,1
1416,0,0,0,0,0
1417,0,0,0,0,0
1418,0,0,0,0,0
1419,0,0,0,0,0
1420,0,0,0,0,0
1421,1,1,1,1,1
1422,1,1,1,1,1
1423,1,1,1,1,0
1424,0,0,0,0,0
1425,0,0,0,0,0
1426,0,0,0,0,0
1427,0,0,0,0,0
1428,0,0,0,0,0
1429,0,0,0,0,0
1430,0,0,0,0,0
1431,1,1,1,1,1
1432,0,0,0,0,0
1433,1,1,1,1,0
1434,0,0,0,0,0
1435,1,1,1,1,1
1436,0,0,0,0,0
1437,0,0,0,0,0
1438,0,0,0,0,0
1439,0,0,0,0,0
1440,1,1,1,1,1
1441,0,0,0,0,0
1442,1,1,1,1,1
1443,1,1,1,1,1
1444,0,0,0,0,0
1445,0,0,0,0,0
1446,0,0,0,0,0
1447,0,0,0,0,0
1448,0,0,0,0,0
1449,1,1,1,1,1
1450,0,0,0,0,0
1451,1,1,1,1,1
1452,1,1,1,1,1
1453,1,1,1,1,1
1454,0,0,0,0,0
1455,0,0,0,0,0
1456,0,0,0,0,0
1457,0,0,0,0,0
1458,0,0,0,0,0
1459,1,1,1,1,1
1460,1,1,1,1,1
1461,0,0,0,0,0
1462,1,1,1,1,1
1463,0,0,0,0,0
1464,0,0,0,0,0
1465,0,0,0,0,0
1466,0,0,0,0,0
1467,0,0,0,0,0
1468,1,1,1,1,1
1469,0,0,0,0,0
1470,1,1,1,1,1
1471,1,1,1,0,0
1472,0,0,0,0,0
1473,1,1,1,1,1
1474,1,1,1,1,1
1475,1,1,1,1,1
1476,0,0,0,0,0
1477,0,0,0,0,0
1478,1,1,1,1,1
1479,0,0,0,0,0
1480,0,0,0,0,0
1481,1,1,1,1,1
1482,1,1,1,1,1
1483,1,1,1,1,1
1484,1,1,1,1,1
1485,0,0,0,0,0
1486,1,1,1,1,0
1487,0,0,0,0,0
1488,1,1,1,1,1
1489,0,0,0,0,0
1490,1,1,1,1,1
1491,0,0,0,0,0
1492,0,0,0,0,0
1493,0,0,0,0,0
1494,0,0,0,0,0
1495,0,0,0,0,0
1496,0,0,0,0,0
1497,1,1,1,1,1
1498,1,1,1,1,1
1499,0,0,0,0,0
1500,0,0,0,0,0
1501,1,1,1,1,1
1502,0,0,0,0,0
1503,0,0,0,0,0
1504,0,0,0,0,0
1505,0,0,0,0,0
1506,0,0,0,0,0
1507,1,1,1,1,1
1508,0,0,0,0,0
1509,0,0,0,0,0
1510,0,0,0,0,0
1511,0,0,0,0,0
1512,0,0,0,0,0
1513,0,0,0,0,0
1514,1,1,1,1,1
1515,0,0,0,0,0
1516,0,0,0,0,0
1517,0,0,0,0,0
1518,1,1,1,1,1
1519,1,1,1,1,0
1520,0,0,0,0,0
1521,0,0,0,0,0
1522,1,1,1,1,1
1523,1,1,1,1,1
1524,1,1,1,1,1
1525,0,0,0,0,0
1526,0,0,0,0,0
1527,1,1,1,1,1
1528,0,0,0,0,0
1529,0,0,0,0,0
1530,1,1,1,1,1
1531,1,1,1,1,1
1532,0,0,0,0,0
1533,1,1,1,1,1
1534,0,0,0,0,0
1535,0,0,0,0,0
1536,1,1,1,1,1
1537,0,0,0,0,0
1538,1,1,1,1,1
1539,0,0,0,0,0
1540,0,0,0,0,0
1541,0,0,0,0,0
1542,1,1,1,1,0
1543,1,1,1,1,1
1544,0,0,0,0,0
1545,1,1,1,1,1
1546,1,1,1,1,1
1547,0,0,0,0,0
1548,1,1,1,1,1
1549,1,1,1,1,0
1550,0,1,1,1,1
1551,0,0,0,0,0
1552,0,0,1,0,0
1553,1,1,1,1,1
1554,0,0,0,0,0
1555,0,0,0,0,0
1556,1,1,1,1,1
1557,1,1,1,1,1
1558,1,1,1,1,1
1559,0,0,0,0,0
1560,1,1,1,0,1
1561,1,1,1,1,1
1562,0,0,0,0,0
1563,1,1,1,1,1
1564,1,1,1,1,1
1565,0,0,0,0,0
1566,1,1,1,1,1
1567,1,1,1,1,1
1568,0,0,0,0,0
1569,0,0,0,0,0
1570,0,0,0,0,0
1571,1,0,0,0,0
1572,1,1,1,1,1
1573,0,0,0,0,0
1574,0,0,0,0,0
1575,1,1,1,1,1
1576,1,1,1,1,1
1577,1,1,1,1,0
1578,1,1,1,1,1
1579,1,1,1,1,0
1580,0,0,0,0,0
1581,1,1,1,1,1
1582,0,0,0,0,0
1583,0,0,0,0,0
1584,0,0,0,0,0
1585,0,0,0,0,0
1586,0,0,0,0,0
1587,0,0,0,0,0
1588,1,1,1,1,1
1589,0,0,0,0,0
1590,0,0,0,0,0
1591,0,0,0,0,0
1592,0,0,0,0,0
1593,0,0,0,0,0
1594,1,1,1,1,1
1595,1,1,1,1,1
1596,0,0,0,0,0
1597,1,1,1,1,1
1598,0,0,0,0,0
1599,0,0,0,0,0
1600,0,0,0,0,0
1601,1,1,1,1,0
1602,1,1,1,1,1
1603,1,1,1,1,1
1604,1,1,1,1,0
1605,1,1,1,1,1
1606,1,1,1,1,0
1607,0,0,0,0,0
1608,0,0,0,0,0
1609,1,1,1,1,0
1610,1,1,1,1,1
1611,0,0,0,0,0
1612,1,1,1,1,1
1613,1,1,1,1,1
1614,1,1,1,1,1
1615,1,1,1,0,1
1616,1,1,1,1,0
1617,1,1,1,1,1
1618,0,0,0,0,0
1619,0,0,0,0,0
1620,0,0,0,0,0
1621,0,0,0,0,0
1622,1,1,1,1,1
1623,1,1,1,1,1
1624,0,0,0,0,0
1625,0,0,0,0,0
1626,1,1,1,1,1
1627,0,0,0,0,0
1628,1,1,1,1,1
1629,0,0,0,0,0
1630,0,0,0,0,0
1631,0,0,0,0,0
1632,1,1,1,1,1
1633,1,1,1,1,0
1634,1,1,1,1,1
1635,1,1,1,1,1
1636,0,0,0,0,0
1637,1,1,1,1,1
1638,1,1,1,1,1
1639,0,0,0,0,0
1640,1,1,1,1,1
1641,1,1,1,1,1
1642,0,0,0,0,0
1643,1,1,1,1,0
1644,0,0,0,0,0
1645,1,1,1,1,1
1646,1,1,1,1,1
1647,1,1,1,1,0
1648,0,0,0,0,0
1649,1,1,1,1,1
1650,0,0,0,0,0
1651,0,0,0,0,0
1652,0,0,0,0,0
1653,0,0,0,0,0
1654,1,1,1,1,1
1655,0,0,0,0,0
1656,1,1,1,1,1
1657,0,0,0,0,0
1658,0,0,0,0,0
1659,0,0,0,0,0
1660,0,0,0,0,0
1661,0,0,0,0,0
1662,0,0,0,0,0
1663,1,1,1,1,1
1664,0,0,0,0,0
1665,1,1,1,1,1
1666,1,1,1,1,0
1667,1,1,1,1,1
1668,1,1,1,1,1
1669,1,0,1,1,0
1670,0,0,0,0,0
1671,0,0,0,0,0
1672,1,1,1,1,1
1673,1,1,1,1,0
1674,0,0,0,0,0
1675,0,0,0,0,0
1676,1,1,1,1,1
1677,1,1,1,1,1
1678,0,0,0,0,0
1679,1,1,1,1,1
1680,0,0,0,0,0
1681,1,1,1,1,1
1682,1,1,1,1,1
1683,1,1,1,1,1
1684,0,0,0,0,0
1685,0,0,0,0,0
1686,0,0,0,0,0
1687,0,0,0,0,0
1688,1,1,1,1,1
1689,1,1,1,1,1
1690,1,1,1,1,0
1691,1,1,1,1,1
1692,0,0,0,0,0
1693,0,0,0,0,0
1694,1,1,1,1,1
1695,0,0,0,0,0
1696,0,0,0,0,0
1697,0,0,0,0,0
1698,0,0,0,0,0
1699,1,1,1,1,0
1700,1,1,1,1,1
1701,0,0,0,0,0
1702,1,1,1,1,1
1703,1,1,1,1,0
1704,1,1,1,1,1
1705,1,1,1,1,1
1706,0,0,0,0,0
1707,1,1,1,1,1
1708,0,0,0,0,0
1709,1,1,1,1,1
1710,0,0,0,0,0
1711,1,1,1,1,1
1712,0,0,0,0,0
1713,0,0,0,0,0
1714,0,0,0,0,0
1715,0,0,0,0,0
1716,1,0,0,0,0
1717,0,0,0,0,0
1718,1,1,1,1,1
1719,0,0,0,0,0
1720,1,1,1,1,1
1721,0,0,0,0,0
1722,1,1,1,1,0
1723,0,0,0,0,0
1724,0,0,0,0,0
1725,0,0,0,0,0
1726,0,0,0,0,0
1727,0,0,0,0,0
1728,0,0,0,0,0
1729,0,0,0,0,0
1730,1,1,1,1,0
1731,1,1,1,1,1
1732,0,0,0,0,0
1733,1,1,1,1,1
1734,0,0,0,0,0
1735,0,0,0,0,0
1736,1,1,1,1,1
1737,0,0,0,0,0
1738,1,1,1,1,1
1739,1,1,1,1,1
1740,1,1,1,1,1
1741,1,1,1,1,1
1742,0,0,0,0,0
1743,0,0,0,0,0
1744,1,1,1,1,0
1745,0,0,0,0,0
1746,0,0,0,0,0
1747,0,0,0,0,0
1748,1,1,1,1,0
1749,0,0,0,0,0
1750,1,1,1,1,1
1751,1,1,1,1,1
1752,1,1,1,1,1
1753,0,0,0,0,0
1754,0,0,0,0,0
1755,1,1,1,1,1
1756,0,0,0,0,0
1757,1,1,1,1,1
1758,0,0,0,0,0
1759,0,0,0,0,0
1760,0,0,0,0,0
1761,1,1,1,1,1
1762,0,0,0,0,0
1763,1,1,1,1,0
1764,0,0,0,0,0
1765,1,1,1,1,1
1766,1,1,1,1,1
1767,0,0,0,0,0
1768,1,1,1,1,1
1769,0,0,0,0,0
1770,1,1,1,1,1
1771,0,0,0,0,0
1772,1,1,1,1,1
1773,1,1,1,1,1
1774,0,0,0,0,0
1775,0,0,0,0,0
1776,0,0,0,0,0
1777,1,1,1,1,1
1778,0,0,0,0,0
1779,1,1,1,1,1
1780,0,0,0,0,0
1781,1,1,1,1,1
1782,1,0,0,1,0
1783,1,1,1,1,1
1784,0,0,0,0,0
1785,1,1,1,1,1
1786,1,1,1,1,0
1787,0,0,0,0,0
1788,0,0,0,0,0
1789,1,1,1,1,1
1790,1,1,1,1,1
1791,1,1,1,1,1
1792,0,0,0,0,0
1793,1,1,1,1,1
1794,0,0,0,0,0
1795,1,1,1,1,0
1796,1,1,1,1,0
1797,0,0,0,0,0
1798,0,0,0,0,0
1799,1,1,1,1,1
1800,1,1,1,1,1
1801,1,1,1,1,1
1802,0,0,0,0,0
1803,1,1,1,1,1
1804,0,0,0,0,0
1805,1,1,1,1,1
1806,1,1,1,1,0
1807,0,0,0,0,0
1808,0,0,0,0,0
1809,1,1,1,1,0
1810,1,1,1,1,0
1811,0,0,0,0,0
1812,0,0,0,0,0
1813,1,1,1,1,1
1814,1,1,1,1,1
1815,1,1,1,1,0
1816,0,0,0,0,0
1817,0,0,0,0,0
1818,0,0,0,0,0
1819,1,1,1,1,1
1820,0,0,0,0,0
1821,1,1,1,1,1
1822,1,1,1,1,1
1823,0,0,0,0,0
1824,1,1,1,1,1
1825,1,1,1,1,1
1826,1,1,1,1,1
1827,1,1,1,1,1
1828,1,1,1,1,1
1829,1,1,1,1,0
1830,0,0,0,0,0
1831,1,1,1,1,1
1832,0,0,0,0,0
1833,0,0,0,0,0
1834,1,1,1,1,0
1835,0,0,0,0,0
1836,1,1,1,1,0
1837,1,1,1,1,0
1838,0,0,0,0,0
1839,1,1,1,1,1
1840,1,1,1,1,1
1841,0,0,0,0,0
1842,1,1,1,1,1
1843,1,1,1,1,1
1844,0,0,0,0,0
1845,1,1,1,1,1
1846,0,0,0,0,0
1847,0,0,0,0,0
1848,1,0,1,0,0
1849,0,0,0,0,0
1850,1,1,1,1,1
1851,0,0,0,0,0
1852,1,1,1,1,1
1853,1,1,1,1,1
1854,0,0,0,0,0
1855,1,1,1,1,1
1856,0,0,0,0,0
1857,1,1,1,1,1
1858,1,1,1,1,1
1859,0,0,0,0,0
1860,1,1,1,1,1
1861,1,1,1,1,0
1862,1,1,1,1,1
1863,0,0,0,0,0
1864,1,1,1,1,1
1865,1,1,1,1,1
1866,1,1,1,1,1
1867,0,0,0,0,0
1868,0,0,0,0,0
1869,1,1,1,1,1
1870,1,1,1,1,1
1871,1,1,1,1,1
1872,0,0,0,0,0
1873,0,0,0,0,0
1874,1,1,1,1,1
1875,0,0,0,0,0
1876,1,1,1,1,1
1877,0,0,0,0,0
1878,1,1,1,1,0
1879,1,1,1,1,1
1880,0,0,0,0,0
1881,1,1,1,1,0
1882,0,0,0,0,0
1883,0,0,0,0,0
1884,1,1,1,1,1
1885,1,1,1,1,1
1886,0,0,0,0,0
1887,1,1,1,1,1
1888,0,0,0,0,0
1889,0,0,0,0,0
1890,0,0,0,0,0
1891,0,0,0,0,0
1892,0,0,0,0,0
1893,0,0,0,0,0
1894,1,1,1,1,0
1895,0,0,0,0,0
1896,0,0,0,0,0
1897,0,0,0,0,0
1898,0,0,0,0,0
1899,1,1,1,1,1
1900,1,1,1,1,1
1901,1,1,1,1,1
1902,1,1,1,1,1
1903,0,0,0,0,0
1904,1,1,1,1,0
1905,0,0,0,0,0
1906,0,0,0,0,0
1907,1,1,1,1,1
1908,0,1,1,0,0
1909,1,1,1,1,1
1910,0,0,0,0,0
1911,0,0,0,0,0
1912,1,1,1,1,0
1913,1,1,1,1,1
1914,0,0,0,0,0
1915,1,1,1,1,0
1916,1,1,1,1,1
1917,0,0,0,0,0
1918,1,1,1,1,1
1919,1,1,1,1,0
1920,1,1,1,1,1
1921,0,0,0,0,0
1922,1,1,1,1,1
1923,0,0,0,0,0
1924,1,1,1,1,1
1925,0,0,0,0,0
1926,0,0,0,0,0
1927,1,1,1,1,1
1928,0,0,0,0,0
1929,1,1,1,1,0
1930,1,1,1,1,1
1931,0,0,0,0,0
1932,0,0,0,0,0
1933,1,1,1,1,1
1934,0,0,0,0,0
1935,0,0,0,0,0
1936,0,0,0,0,0
1937,0,0,0,0,0
1938,1,1,1,1,1
1939,0,0,0,0,0
1940,1,1,1,1,1
1941,0,0,0,0,0
1942,1,1,1,1,1
1943,1,1,1,1,1
1944,1,1,1,1,1
1945,0,0,0,0,0
1946,0,0,0,0,0
1947,1,1,1,1,0
1948,1,1,1,1,1
1949,0,0,0,0,0
1950,0,0,0,0,0
1951,1,1,1,1,1
1952,1,1,1,1,1
1953,0,0,0,0,0
1954,1,1,1,1,1
1955,1,1,1,1,1
1956,1,1,1,1,0
1957,1,1,1,1,1
1958,0,0,0,0,0
1959,0,0,0,0,0
1960,1,1,1,1,1
1961,1,1,1,1,1
1962,1,1,1,1,1
1963,0,0,0,0,0
1964,1,1,1,1,1
1965,0,0,0,0,0
1966,0,0,0,0,0
1967,0,0,0,0,0
1968,1,1,1,1,1
1969,1,1,1,1,1
1970,0,0,0,0,0
1971,1,1,1,1,1
1972,0,0,0,0,0
1973,1,1,1,1,1
1974,1,1,1,1,1
1975,0,0,0,0,0
1976,0,0,0,0,0
1977,0,0,0,0,0
1978,1,1,1,1,0
1979,0,0,0,0,0
1980,1,1,1,1,1
1981,0,0,0,0,0
1982,0,0,0,0,0
1983,0,0,0,0,0
1984,0,0,0,0,0
1985,1,1,1,1,1
1986,1,1,1,1,1
1987,1,1,1,1,1
1988,0,0,0,0,0
1989,0,0,0,0,0
1990,1,1,1,1,1
1991,1,1,1,1,1
1992,1,1,1,1,1
1993,1,1,1,1,1
1994,1,1,1,1,1
1995,0,0,0,0,0
1996,0,0,0,0,0
1997,1,1,1,1,0
1998,0,0,0,0,0
1999,1,1,1,1,1
2000,0,0,0,0,0
2001,1,1,1,1,1
2002,1,1,1,1,1
2003,1,1,1,1,1
2004,0,0,0,0,0
2005,1,1,1,1,0
2006,1,1,1,1,0
2007,1,1,1,1,1
2008,1,1,1,1,1
2009,1,1,1,1,1
2010,0,0,0,0,0
2011,0,0,0,0,0
2012,1,1,1,1,1
2013,0,0,0,0,0
2014,1,1,1,1,0
2015,1,1,1,1,1
2016,1,1,1,1,0
2017,1,1,1,1,1
2018,1,1,1,1,1
2019,0,0,0,0,0
2020,0,0,0,0,0
2021,1,1,1,1,1
2022,1,1,1,1,1
2023,1,1,1,1,0
2024,1,1,1,1,1
2025,0,0,0,0,0
2026,0,0,0,0,0
2027,0,0,0,0,0
2028,0,0,0,0,0
2029,1,0,0,0,0
2030,0,0,0,0,0
2031,1,1,1,1,1
2032,0,0,0,0,0
2033,1,1,1,1,1
2034,0,0,0,0,0
2035,0,0,0,0,0
2036,0,0,0,0,0
2037,1,1,1,1,1
2038,1,1,1,1,1
2039,1,1,1,1,1
2040,0,0,0,0,0
2041,1,1,1,1,1
2042,1,1,1,1,1
2043,1,1,1,1,1
2044,0,0,0,0,0
2045,1,1,1,1,1
2046,0,0,0,0,0
2047,0,0,0,0,0
2048,0,0,0,0,0
2049,1,1,1,1,1
2050,0,0,0,0,0
2051,1,1,1,1,1
2052,0,0,0,0,0
2053,0,0,0,0,0
2054,1,1,1,1,1
2055,0,0,0,0,0
2056,0,0,0,0,0
2057,1,1,1,1,1
2058,1,1,1,1,1
2059,0,0,0,0,0
2060,0,0,0,0,0
2061,0,0,0,0,0
2062,0,0,0,0,0
2063,1,1,1,1,1
2064,0,0,0,0,0
2065,0,0,0,0,0
2066,0,0,0,0,0
2067,0,0,0,0,0
2068,0,0,0,0,0
2069,1,1,1,1,1
2070,0,0,0,0,0
2071,1,1,1,1,1
2072,1,1,1,1,1
2073,1,1,1,1,1
2074,1,1,1,1,0
2075,1,1,1,1,1
2076,0,0,0,0,0
2077,1,1,1,1,1
2078,0,0,0,0,0
2079,0,0,0,0,0
2080,0,0,0,0,0
2081,1,1,1,1,1
2082,1,1,1,1,1
2083,0,0,0,0,0
2084,1,1,1,1,1
2085,1,1,1,1,1
2086,0,0,0,0,0
2087,1,1,1,1,0
2088,1,1,1,1,1
2089,1,1,1,1,1
2090,1,1,1,1,1
2091,1,1,1,1,1
2092,1,1,1,1,1
2093,0,0,0,0,0
2094,1,1,1,1,1
2095,1,1,1,1,1
2096,0,0,0,0,0
2097,0,0,0,0,0
2098,1,1,1,1,0
2099,0,0,0,0,0
2100,1,1,1,1,0
2101,1,1,1,1,1
2102,0,0,0,0,0
2103,0,0,0,0,0
2104,1,1,1,1,1
2105,1,1,1,1,1
2106,0,0,0,0,1
2107,0,0,0,0,0
2108,1,1,1,1,1
2109,1,1,1,1,1
2110,1,1,1,1,0
2111,1,1,1,1,1
2112,0,0,0,0,0
2113,0,0,0,0,0
2114,1,1,1,1,1
2115,0,0,0,0,0
2116,1,1,1,1,1
2117,0,0,0,0,0
2118,1,1,1,1,1
2119,1,1,1,1,1
2120,0,0,0,0,0
2121,1,1,1,1,1
2122,1,1,1,1,1
2123,0,0,0,0,0
2124,1,1,1,1,0
2125,0,0,0,0,0
2126,1,1,1,1,1
2127,0,0,0,0,0
2128,1,1,1,1,1
2129,1,1,1,1,0
2130,0,0,0,0,0
2131,0,0,0,0,0
2132,0,0,0,0,0
2133,0,0,0,0,0
2134,0,0,0,0,0
2135,1,1,1,1,1
2136,1,1,1,1,0
2137,0,0,0,0,0
2138,0,0,0,0,0
2139,1,1,1,1,1
2140,1,1,1,1,1
2141,1,1,1,1,1
2142,0,0,0,0,0
2143,1,1,1,1,1
2144,1,1,1,1,0
2145,1,1,1,1,1
2146,1,1,1,1,1
2147,1,1,1,1,1
2148,0,0,0,0,0
2149,1,1,1,1,1
2150,1,1,1,1,1
2151,0,0,0,0,0
2152,1,1,1,1,0
2153,0,0,0,0,0
2154,1,1,1,1,1
2155,1,1,1,1,1
2156,1,1,1,1,1
2157,1,1,1,1,1
2158,0,0,0,0,0
2159,1,1,1,1,1
2160,0,0,0,0,0
2161,1,1,1,1,0
2162,1,1,1,1,1
2163,0,0,0,0,0
2164,1,1,1,1,1
2165,1,1,1,1,1
2166,1,1,1,1,1
2167,1,1,1,1,1
2168,1,1,1,1,1
2169,0,0,0,0,0
2170,1,1,1,1,1
2171,1,1,1,1,1
2172,1,1,1,1,1
2173,0,0,0,0,0
2174,0,0,0,0,0
2175,1,1,1,1,0
2176,1,1,1,1,1
2177,1,1,1,1,1
2178,1,1,1,1,1
2179,0,0,0,0,0
2180,0,0,0,0,0
2181,0,0,0,0,0
2182,1,1,1,1,1
2183,1,1,1,1,1
2184,0,0,0,0,0
2185,0,0,0,0,0
2186,1,1,1,1,1
2187,0,0,0,0,0
2188,0,0,0,0,0
2189,0,0,0,0,0
2190,0,0,0,0,0
2191,1,1,1,1,1
2192,1,1,1,1,1
2193,0,0,0,0,0
2194,1,1,1,1,1
2195,1,1,1,1,1
2196,0,0,0,0,0
2197,1,1,1,1,1
2198,1,1,1,1,1
2199,0,0,0,0,0
2200,1,1,1,1,1
2201,1,1,1,1,1
2202,1,1,1,1,0
2203,0,0,0,0,0
2204,1,1,1,1,0
2205,1,1,1,1,1
2206,0,0,0,0,0
2207,1,1,1,1,0
2208,1,1,1,1,1
2209,0,0,0,0,0
2210,1,1,1,1,1
2211,0,0,0,0,0
2212,1,1,1,1,1
2213,0,0,0,0,0
2214,0,0,0,0,0
2215,1,1,1,1,1
2216,0,0,0,0,0
2217,0,0,0,0,0
2218,0,0,0,0,0
2219,0,0,0,0,0
2220,0,0,0,0,0
2221,0,0,0,0,0
2222,1,1,1,1,1
2223,0,0,0,0,0
2224,1,1,1,1,1
2225,1,1,1,1,1
2226,0,0,0,0,0
2227,0,0,0,0,0
2228,1,1,1,1,1
2229,0,0,0,0,0
2230,1,1,1,1,0
2231,0,0,0,0,0
2232,1,1,1,1,1
2233,0,0,0,0,0
2234,1,1,1,1,1
2235,1,1,1,1,1
2236,1,1,1,1,1
2237,1,1,1,1,1
2238,0,0,0,0,0
2239,0,0,0,0,0
2240,0,0,0,0,0
2241,1,1,1,1,1
2242,1,1,1,1,1
2243,0,0,0,0,0
2244,1,1,1,1,1
2245,0,0,0,0,0
2246,0,0,0,0,0
2247,0,0,0,0,0
2248,0,0,0,0,0
2249,1,1,1,1,1
2250,0,0,0,0,0
2251,0,0,0,0,0
2252,0,0,0,0,0
2253,0,0,0,0,0
2254,1,1,1,1,1
2255,0,0,0,0,0
2256,1,1,1,1,1
2257,0,0,0,0,0
2258,0,0,0,0,0
2259,1,1,1,1,1
2260,0,0,0,0,0
2261,0,0,0,0,0
2262,1,1,1,1,1
2263,0,0,0,0,0
2264,1,1,1,1,0
2265,1,1,1,1,1
2266,0,0,0,0,0
2267,0,0,0,0,0
2268,0,0,0,0,0
2269,0,0,0,0,0
2270,1,1,1,1,1
2271,0,0,0,0,0
2272,1,1,1,1,1
2273,0,0,0,0,0
2274,0,0,0,0,0
2275,1,1,1,1,1
2276,1,1,1,1,1
2277,0,0,0,0,0
2278,0,0,0,0,0
2279,1,0,1,0,0
2280,1,1,1,1,1
2281,1,1,1,1,1
2282,1,1,1,1,1
2283,1,1,1,1,1
2284,0,0,0,0,0
2285,1,1,1,1,1
2286,1,1,1,1,1
2287,1,1,1,1,1
2288,1,1,1,1,1
2289,0,0,0,0,0
2290,0,0,0,0,0
2291,1,1,1,1,1
2292,0,0,0,0,0
2293,1,1,1,1,1
2294,0,0,0,0,0
2295,0,0,0,0,0
2296,0,0,0,0,0
2297,1,1,1,1,1
2298,1,1,1,1,1
2299,0,0,0,0,0
2300,1,1,1,1,1
2301,1,1,1,1,1
2302,0,0,0,0,0
2303,0,0,0,0,0
2304,1,1,1,1,1
2305,0,0,0,0,0
2306,0,0,0,0,0
2307,0,0,0,0,0
2308,1,1,1,1,1
2309,0,0,0,0,0
2310,1,1,1,1,1
2311,1,1,1,1,1
2312,0,0,0,0,0
2313,1,1,1,1,1
2314,0,0,0,0,0
2315,0,0,0,0,0
2316,0,0,0,0,0
2317,1,1,1,1,1
2318,1,1,1,1,1
2319,0,0,0,0,0
2320,1,1,1,1,0
2321,1,0,0,0,0
2322,1,1,1,1,0
2323,0,0,0,0,0
2324,0,0,0,0,0
2325,0,0,0,0,0
2326,1,1,1,1,1
2327,1,1,1,1,1
2328,0,0,0,0,0
2329,0,0,0,0,0
2330,1,1,1,1,1
2331,1,1,1,1,1
2332,1,1,1,1,1
2333,0,0,0,0,0
2334,1,1,1,1,0
2335,0,0,0,0,0
2336,1,1,1,1,1
2337,1,1,1,1,1
2338,0,0,0,0,0
2339,0,0,0,0,0
2340,0,0,0,0,0
2341,1,1,1,1,1
2342,1,1,1,1,1
2343,0,0,0,0,0
2344,1,1,1,1,0
2345,0,0,0,0,0
2346,1,1,1,1,1
2347,1,1,1,1,1
2348,1,1,1,1,1
2349,0,0,0,0,0
2350,0,0,0,0,0
2351,1,1,1,1,0
2352,0,0,0,0,0
2353,1,1,1,1,1
2354,0,0,0,0,0
2355,0,0,0,0,0
2356,1,1,1,1,1
2357,1,1,1,1,0
2358,0,0,0,0,0
2359,1,1,1,1,1
2360,0,0,0,0,0
2361,0,0,0,0,0
2362,0,0,0,0,0
2363,0,0,0,0,0
2364,1,1,1,1,1
2365,0,0,0,0,0
2366,1,1,1,1,1
2367,1,1,1,1,1
2368,1,1,1,1,0
2369,1,1,1,1,1
2370,1,1,1,1,1
2371,0,0,0,0,0
2372,0,0,0,0,0
2373,1,1,1,1,1
2374,1,1,1,1,1
2375,1,1,1,1,0
2376,1,1,1,1,1
2377,1,1,1,1,1
2378,1,1,1,1,1
2379,1,1,1,1,1
2380,0,0,0,0,0
2381,0,0,0,0,0
2382,1,1,1,1,1
2383,0,0,0,0,0
2384,0,0,0,0,0
2385,0,0,0,0,0
2386,1,1,1,1,1
2387,1,1,1,1,1
2388,0,0,0,0,0
2389,0,0,0,0,0
2390,1,1,1,1,1
2391,1,1,1,1,1
2392,1,1,1,1,1
2393,0,0,0,0,0
2394,0,0,0,0,0
2395,1,1,1,1,1
2396,0,0,0,0,0
2397,1,1,1,1,1
2398,1,1,1,1,1
2399,1,1,1,1,1
2400,0,0,0,0,0
2401,1,1,1,1,1
2402,1,1,1,1,1
2403,0,0,0,0,0
2404,1,1,1,1,1
2405,1,1,1,1,1
2406,0,0,0,0,0
2407,0,0,0,0,0
2408,1,1,1,1,1
2409,0,0,0,0,0
2410,0,0,0,0,0
2411,0,0,0,0,0
2412,1,1,1,1,1
2413,0,0,0,0,0
2414,1,1,1,1,1
2415,1,1,1,1,1
2416,0,0,0,0,0
2417,1,1,1,1,1
2418,1,1,1,1,1
2419,0,0,0,0,0
2420,0,0,0,0,0
2421,0,0,0,0,0
2422,0,0,0,0,0
2423,1,1,1,1,1
2424,1,1,1,1,1
2425,0,0,0,0,0
2426,0,0,0,0,0
2427,1,1,1,1,1
2428,0,0,0,0,0
2429,1,1,1,1,1
2430,1,1,1,1,1
2431,1,1,1,1,1
2432,0,0,0,0,0
2433,1,1,1,1,0
2434,1,1,1,1,1
2435,1,1,1,1,1
2436,1,1,1,1,1
2437,0,0,0,0,0
2438,1,1,1,1,1
2439,0,0,0,0,0
2440,0,0,0,0,0
2441,1,1,1,1,1
2442,0,0,0,0,0
2443,1,1,1,1,1
2444,0,0,0,0,0
2445,0,0,0,0,0
2446,0,0,0,0,0
2447,0,0,0,0,0
2448,1,1,1,1,0
2449,1,1,1,1,1
2450,1,1,1,1,1
2451,0,0,0,0,0
2452,1,1,1,1,1
2453,0,0,0,0,0
2454,0,0,0,0,0
2455,1,1,1,1,1
2456,0,0,0,0,0
2457,0,0,0,0,0
2458,1,1,1,1,1
2459,0,0,0,0,0
2460,0,0,0,0,0
2461,0,0,0,0,0
2462,1,1,1,1,1
2463,0,0,0,0,0
2464,1,1,1,1,1
2465,0,0,0,0,0
2466,1,1,1,1,1
2467,0,0,0,0,0
2468,1,1,1,1,0
2469,1,1,1,1,1
2470,0,0,0,0,0
2471,1,1,1,1,1
2472,1,1,1,1,1
2473,1,1,1,1,1
2474,1,1,1,1,1
2475,0,0,0,0,0
2476,0,0,0,0,0
2477,1,1,1,1,1
2478,1,1,1,1,1
2479,1,1,1,1,1
2480,0,0,0,0,0
2481,1,1,1,1,1
2482,1,0,0,1,0
2483,1,1,1,1,0
2484,1,1,1,1,1
2485,0,0,0,0,0
2486,1,1,1,1,1
2487,1,1,1,1,1
2488,1,1,1,1,1
2489,1,1,1,1,1
2490,1,1,1,1,1
2491,1,1,1,1,1
2492,1,1,1,1,1
2493,0,0,0,0,0
2494,0,0,0,0,0
2495,1,1,1,1,1
2496,1,1,1,1,1
2497,1,1,1,1,1
2498,1,1,1,1,1
2499,1,1,1,1,1
2500,1,1,1,1,1
2501,1,1,1,1,1
2502,0,0,0,0,0
2503,1,1,1,1,1
2504,0,0,0,0,0
2505,0,0,0,0,0
2506,1,1,1,1,1
2507,1,1,1,1,1
2508,1,1,1,1,0
2509,0,0,0,0,0
2510,0,0,0,0,0
2511,1,1,1,1,1
2512,0,0,0,0,0
2513,0,0,0,0,0
2514,0,0,0,0,0
2515,0,0,0,0,0
2516,1,1,1,1,1
2517,0,0,0,0,0
2518,1,1,1,1,1
2519,0,0,0,0,0
2520,0,0,0,0,0
2521,0,0,0,0,0
2522,0,0,0,0,0
2523,0,0,0,0,0
2524,1,1,1,1,1
2525,1,1,1,1,1
2526,0,0,0,0,0
2527,1,1,1,1,1
2528,1,1,1,1,1
2529,1,1,1,1,1
2530,0,0,0,0,0
2531,0,0,0,0,0
2532,1,1,1,1,1
2533,1,1,1,1,1
2534,1,1,1,1,1
2535,0,0,0,0,0
2536,1,1,1,1,1
2537,1,1,1,1,1
2538,1,1,1,1,1
2539,0,0,0,0,0
2540,0,0,0,0,0
2541,0,0,0,0,0
2542,0,0,0,0,0
2543,1,1,1,1,1
2544,0,0,0,0,0
2545,1,1,1,1,1
2546,0,0,0,0,0
2547,1,1,1,1,1
2548,0,0,0,0,0
2549,0,0,0,0,0
2550,0,0,0,0,0
2551,0,0,0,0,0
2552,0,0,0,0,0
2553,0,0,0,0,0
2554,1,1,1,1,1
2555,0,0,0,0,0
2556,1,1,1,1,1
2557,0,0,0,0,0
2558,1,1,1,1,1
2559,1,1,1,1,1
2560,0,0,0,0,0
2561,1,1,1,1,1
2562,0,0,0,0,0
2563,0,0,0,0,0
2564,1,1,1,1,1
2565,0,0,0,0,0
2566,0,0,0,0,0
2567,1,1,1,1,1
2568,1,1,1,1,0
2569,0,0,0,0,0
2570,1,1,1,1,1
2571,0,0,0,0,0
2572,0,0,0,0,0
2573,1,1,1,1,1
2574,0,0,0,0,0
2575,1,1,1,0,0
2576,1,1,1,1,1
2577,0,0,0,0,0
2578,1,1,1,1,1
2579,0,0,0,0,0
2580,0,0,0,0,0
2581,1,1,1,1,1
2582,0,0,0,0,0
2583,0,0,0,0,0
2584,1,1,1,1,1
2585,0,0,0,0,0
2586,0,0,0,0,0
2587,0,0,0,0,0
2588,1,1,1,1,1
2589,0,0,0,0,0
2590,1,1,1,1,1
2591,0,0,0,0,0
2592,1,1,1,1,1
2593,0,0,0,0,0
2594,0,0,0,0,0
2595,0,0,0,0,0
2596,1,1,1,1,1
2597,0,0,0,0,0
2598,0,0,0,0,0
2599,0,0,0,0,0
2600,1,1,1,1,1
2601,1,1,1,1,1
2602,0,0,0,0,0
2603,1,1,1,1,1
2604,1,0,1,1,0
2605,1,1,1,1,0
2606,1,1,1,1,1
2607,1,1,1,1,1
2608,1,1,1,1,1
2609,0,0,0,0,0
2610,0,0,0,0,0
2611,0,0,0,0,0
2612,1,1,1,1,1
2613,1,1,1,1,0
2614,0,0,0,0,0
2615,0,0,0,0,0
2616,1,1,1,1,1
2617,1,1,1,1,1
2618,1,1,1,1,1
2619,1,1,1,1,1
2620,0,0,0,0,0
2621,1,1,1,1,1
2622,0,0,0,0,0
2623,1,1,1,1,1
2624,1,1,1,1,0
2625,1,1,1,1,1
2626,1,1,1,1,1
2627,1,1,1,1,1
2628,0,0,0,0,0
2629,1,1,1,1,1
2630,1,1,1,1,0
2631,0,0,0,0,0
2632,0,0,0,0,0
2633,0,0,0,0,0
2634,0,0,0,0,0
2635,0,0,0,0,0
2636,0,0,0,0,0
2637,0,0,0,0,0
2638,0,0,0,0,0
2639,1,1,1,1,1
2640,0,0,0,0,0
2641,0,0,0,0,0
2642,1,1,1,1,1
2643,0,0,0,0,0
2644,1,1,1,1,1
2645,1,1,1,1,1
2646,0,0,0,0,0
2647,1,1,1,1,1
2648,0,0,0,0,0
2649,1,1,1,1,1
2650,0,0,0,0,0
2651,1,1,1,1,1
2652,0,0,0,0,0
2653,0,0,0,0,0
2654,1,1,1,1,1
2655,1,1,1,1,1
2656,0,0,0,0,0
2657,0,0,0,0,0
2658,1,1,1,1,1
2659,1,1,1,1,0
2660,0,0,0,0,0
2661,1,1,1,1,1
2662,1,1,1,1,1
2663,0,0,0,0,0
2664,0,0,0,0,0
2665,0,0,0,0,0
2666,1,1,1,1,0
2667,0,0,0,0,0
2668,1,1,1,1,1
2669,1,1,1,1,1
2670,0,0,0,0,0
2671,0,0,0,0,0
2672,0,0,0,0,0
2673,0,0,0,0,0
2674,1,1,1,1,1
2675,0,0,0,0,0
2676,1,1,1,1,1
2677,1,1,1,1,1
2678,1,1,1,1,1
2679,1,1,1,1,0
2680,1,1,1,1,1
2681,1,1,1,1,1
2682,0,0,0,0,0
2683,0,0,0,0,0
2684,0,0,0,0,0
2685,1,1,1,1,1
2686,0,0,0,0,0
2687,1,1,1,1,1
2688,1,1,1,1,1
2689,0,0,0,0,0
2690,0,0,0,0,0
2691,1,1,1,1,1
2692,0,0,0,0,0
2693,0,0,0,0,0
2694,1,1,1,1,1
2695,0,0,0,0,0
2696,1,1,1,1,0
2697,1,1,1,1,1
2698,0,0,0,0,0
2699,1,1,1,1,1
2700,0,0,0,0,0
2701,0,0,0,0,0
2702,1,1,1,1,1
2703,0,0,0,0,0
2704,1,1,1,1,1
2705,0,0,0,0,0
2706,1,1,1,1,0
2707,1,1,1,1,1
2708,0,0,0,0,0
2709,0,0,0,0,0
2710,1,1,1,1,1
2711,1,1,1,1,1
2712,0,0,0,0,0
2713,0,0,0,0,0
2714,1,1,1,1,1
2715,1,1,1,1,1
2716,0,0,0,0,0
2717,0,0,0,0,0
2718,0,0,0,0,0
2719,0,0,0,0,0
2720,0,0,0,0,0
2721,0,0,0,0,0
2722,0,0,0,0,0
2723,1,1,1,1,1
2724,0,0,0,0,0
2725,1,1,1,1,1
2726,0,0,0,0,0
2727,0,0,0,0,0
2728,1,1,1,1,0
2729,1,1,1,1,1
2730,0,0,0,0,0
2731,1,1,1,1,1
2732,0,0,0,0,0
2733,1,1,1,1,0
2734,1,1,1,1,1
2735,0,0,0,0,0
2736,1,1,1,1,1
2737,1,1,1,1,1
2738,0,0,0,0,0
2739,1,1,1,1,1
2740,1,1,1,1,0
2741,0,0,0,0,0
2742,1,1,1,1,1
2743,1,1,1,1,1
2744,1,1,1,1,0
2745,0,0,0,0,0
2746,1,1,1,1,1
2747,0,0,0,0,0
2748,0,0,0,0,0
2749,1,1,1,1,1
2750,1,1,1,1,0
2751,1,0,0,0,0
2752,1,1,1,1,0
2753,0,0,0,0,0
2754,0,0,0,0,0
2755,1,1,1,1,1
2756,0,0,0,0,0
2757,1,1,1,1,1
2758,1,1,1,1,1
2759,0,0,0,0,0
2760,1,1,1,1,1
2761,1,1,1,1,1
2762,0,0,0,0,0
2763,1,1,1,1,1
2764,0,0,0,0,0
2765,1,1,1,1,1
2766,0,0,0,0,0
2767,1,1,1,1,1
2768,0,0,0,0,0
2769,0,0,0,0,0
2770,1,1,1,1,1
2771,1,1,1,1,0
2772,1,1,1,1,1
2773,0,0,0,0,0
2774,0,0,0,0,0
2775,0,0,0,0,0
2776,0,0,1,0,0
2777,0,0,0,0,0
2778,0,0,0,0,0
2779,1,1,1,1,1
2780,0,0,0,0,0
2781,1,1,1,1,1
2782,1,1,1,1,0
2783,0,0,0,0,0
2784,1,1,1,1,1
2785,0,0,0,0,0
2786,0,0,0,0,0
2787,1,1,1,1,1
2788,0,0,0,0,0
2789,0,0,0,0,0
2790,0,0,0,0,0
2791,1,1,1,1,1
2792,0,0,0,0,0
2793,0,0,0,0,0
2794,0,0,0,0,0
2795,0,0,0,0,0
2796,1,1,1,1,1
2797,0,0,0,0,0
2798,0,0,0,0,0
2799,1,1,1,1,1
2800,1,1,1,1,1
2801,1,1,1,1,1
2802,0,0,0,0,0
2803,0,0,0,0,1
2804,0,0,0,0,0
2805,0,0,0,0,0
2806,0,0,0,0,0
2807,1,1,1,1,1
2808,1,1,1,1,1
2809,1,1,1,1,1
2810,1,1,1,1,1
2811,1,1,1,1,1
2812,0,0,0,0,0
2813,0,0,0,0,0
2814,0,0,0,0,0
2815,0,0,0,0,0
2816,1,1,1,1,1
2817,0,0,0,0,0
2818,1,1,1,1,1
2819,0,0,0,0,0
2820,1,1,1,1,1
2821,0,0,0,0,0
2822,0,0,0,0,0
2823,0,0,0,0,0
2824,0,0,0,0,0
2825,0,0,0,0,0
2826,0,0,0,0,0
2827,0,0,0,0,0
2828,0,0,0,0,0
2829,0,0,0,0,0
2830,1,1,1,1,1
2831,1,1,1,1,1
2832,0,0,0,0,0
2833,1,1,1,1,1
2834,1,1,1,1,1
2835,1,1,1,1,1
2836,1,1,1,1,1
2837,1,1,1,1,1
2838,1,1,1,1,1
2839,0,0,0,0,0
2840,1,1,1,1,1
2841,0,0,0,0,0
2842,1,1,1,1,1
2843,1,1,1,1,1
2844,1,1,1,1,1
2845,0,0,0,0,0
2846,1,1,1,1,1
2847,1,1,1,1,1
2848,0,0,0,0,0
2849,1,1,1,1,0
2850,1,1,1,1,0
2851,0,0,0,0,0
2852,1,1,1,0,0
2853,1,1,1,1,1
2854,0,0,0,0,0
2855,1,1,1,1,1
2856,1,1,1,1,1
2857,1,1,1,1,1
2858,1,1,1,1,0
2859,0,0,0,0,0
2860,0,0,0,0,0
2861,0,0,0,0,0
2862,0,0,0,0,0
2863,1,1,1,1,1
2864,1,1,1,1,1
2865,0,0,0,0,0
2866,0,0,0,0,0
2867,1,1,1,1,1
2868,0,0,0,0,0
2869,0,0,0,0,0
2870,0,0,0,0,0
2871,1,1,1,1,1
2872,0,0,0,0,0
2873,0,0,0,0,0
2874,0,0,0,0,0
2875,1,1,1,1,1
2876,1,1,1,1,1
2877,1,1,1,1,1
2878,1,1,1,1,1
2879,0,0,0,0,0
2880,1,1,1,1,1
2881,1,1,1,1,1
2882,0,0,0,0,0
2883,1,1,1,1,1
2884,0,0,0,0,0
2885,1,1,1,1,0
2886,1,1,1,1,1
2887,0,0,0,0,0
2888,1,1,1,1,1
2889,1,1,1,1,1
2890,0,0,0,0,0
2891,1,1,1,1,1
2892,1,1,1,1,1
2893,1,1,1,1,0
2894,1,1,1,1,0
2895,0,0,0,0,0
2896,1,1,1,1,1
2897,1,1,1,1,1
2898,1,0,0,1,0
2899,0,0,0,0,0
2900,0,0,0,0,0
2901,1,1,1,1,0
2902,1,1,1,1,1
2903,1,1,1,1,1
2904,0,0,0,0,0
2905,0,0,0,0,0
2906,1,1,1,1,0
2907,0,0,0,0,0
2908,1,1,1,1,1
2909,1,1,1,1,0
2910,0,0,0,0,0
2911,1,1,1,1,1
2912,1,1,1,1,1
2913,0,0,0,0,0
2914,0,0,0,0,0
2915,1,1,1,1,0
2916,1,1,1,1,1
2917,0,0,0,0,0
2918,0,0,0,0,0
2919,1,1,1,1,1
2920,1,1,1,1,1
2921,1,1,1,1,1
2922,0,0,0,0,0
2923,0,0,0,0,0
2924,0,0,0,0,0
2925,1,1,1,1,1
2926,1,1,1,1,0
2927,0,0,0,0,0
2928,1,1,1,1,1
2929,0,0,0,0,0
2930,1,1,1,1,1
2931,0,0,0,0,0
2932,0,0,0,0,0
2933,0,0,0,0,0
2934,0,0,0,0,0
2935,0,0,0,0,0
2936,0,0,0,0,0
2937,0,0,0,0,0
2938,0,0,0,0,0
2939,0,0,0,0,0
2940,1,1,1,1,1
2941,1,1,1,1,1
2942,0,0,0,0,0
2943,1,1,1,1,0
2944,0,0,0,0,0
2945,0,0,0,0,0
2946,1,1,1,1,1
2947,0,0,0,0,0
2948,1,1,1,1,1
2949,1,1,1,1,1
2950,0,0,0,0,0
2951,1,1,1,1,1
2952,1,1,1,1,1
2953,1,1,1,1,1
2954,0,0,0,0,0
2955,0,0,0,0,0
2956,0,0,0,0,0
2957,0,0,0,0,0
2958,0,0,0,0,0
2959,0,0,0,0,0
2960,1,1,1,1,1
2961,1,1,1,1,1
2962,1,1,1,1,1
2963,1,1,1,1,0
2964,0,0,0,0,0
2965,0,0,0,0,0
2966,0,0,0,0,0
2967,1,1,1,1,1
2968,0,0,0,0,0
2969,0,0,0,0,0
2970,0,0,0,0,0
2971,0,0,0,0,0
2972,1,1,1,1,1
2973,0,0,0,0,0
2974,1,1,1,1,1
2975,0,0,0,0,0
2976,0,0,0,0,0
2977,1,1,1,1,0
2978,1,1,1,1,1
2979,0,0,0,0,0
2980,1,1,1,1,0
2981,0,1,1,0,1
2982,0,0,0,0,0
2983,0,0,0,0,0
2984,0,0,0,0,0
2985,1,1,1,1,1
2986,1,1,1,1,0
2987,1,1,1,1,0
2988,1,1,1,1,1
2989,1,1,1,1,1
2990,1,1,1,1,0
2991,1,1,1,1,1
2992,1,0,1,0,0
2993,0,0,0,0,0
2994,1,1,1,1,0
2995,1,1,1,1,1
2996,1,1,1,1,1
2997,0,0,0,0,0
2998,1,1,1,1,1
2999,0,0,0,0,0
3000,1,1,1,1,1
3001,0,0,0,0,0
3002,0,0,0,0,0
3003,1,1,1,1,0
3004,0,0,0,0,0
3005,0,0,0,0,0
3006,1,1,1,1,1
3007,1,1,1,1,1
3008,0,0,0,0,0
3009,1,1,1,1,1
3010,0,0,0,0,0
3011,1,1,1,1,1
3012,1,0,0,0,0
3013,1,1,1,1,1
3014,0,0,0,0,0
3015,1,1,1,1,0
3016,0,0,0,0,0
3017,1,1,1,1,1
3018,1,1,1,1,1
3019,0,0,0,0,0
3020,1,1,1,1,1
3021,0,0,0,0,0
3022,1,1,1,1,0
3023,0,0,0,0,0
3024,1,1,1,1,1
3025,0,0,0,0,0
3026,1,1,1,1,1
3027,0,0,0,0,0
3028,1,1,1,1,1
3029,0,0,0,0,0
3030,0,0,0,0,0
3031,1,1,1,1,1
3032,1,1,1,1,1
3033,0,0,0,0,0
3034,1,1,1,1,1
3035,1,1,1,1,1
3036,0,0,0,0,0
3037,0,0,0,0,0
3038,0,0,0,0,0
3039,1,1,1,1,1
3040,1,1,1,1,1
3041,0,0,0,0,0
3042,1,1,1,1,1
3043,1,1,1,1,1
3044,1,1,1,1,1
3045,0,0,0,0,0
3046,1,1,1,1,1
3047,0,0,0,0,0
3048,1,1,1,1,1
3049,0,0,0,0,0
3050,0,0,0,0,0
3051,1,1,1,1,1
3052,0,0,0,0,0
3053,1,1,1,1,1
3054,0,0,0,0,0
3055,0,0,0,0,0
3056,1,1,1,1,1
3057,0,0,0,0,0
3058,0,0,0,0,0
3059,0,0,0,0,0
3060,1,1,1,1,1
3061,0,0,0,0,0
3062,1,1,1,1,1
3063,1,1,1,1,1
3064,0,0,0,0,0
3065,0,0,0,0,0
3066,1,1,1,1,1
3067,0,0,0,0,0
3068,1,1,1,1,0
3069,0,0,0,0,0
3070,0,0,0,0,0
3071,1,1,1,1,1
3072,1,1,1,1,1
3073,1,1,1,1,1
3074,0,0,0,0,0
3075,1,1,1,1,1
3076,1,1,1,1,0
3077,0,0,1,0,0
3078,0,0,0,0,0
3079,1,1,1,1,1
3080,1,1,1,1,1
3081,0,0,0,0,0
3082,0,0,0,0,0
3083,0,0,0,0,0
3084,0,0,0,0,0
3085,1,1,1,1,1
3086,0,0,0,0,0
3087,1,1,1,1,1
3088,0,0,0,0,0
3089,1,1,1,1,1
3090,1,1,1,1,1
3091,0,0,0,0,0
3092,1,1,1,1,1
3093,0,0,0,0,0
3094,1,1,1,1,0
3095,0,0,0,0,0
3096,1,1,1,1,0
3097,0,0,0,0,0
3098,1,1,1,1,1
3099,1,1,1,1,1
3100,0,0,0,0,0
3101,0,0,0,0,0
3102,1,1,1,1,1
3103,1,1,1,1,1
3104,0,0,0,0,0
3105,1,1,1,1,1
3106,0,0,0,0,0
3107,1,1,1,1,1
3108,1,1,1,1,1
3109,1,1,1,1,1
3110,0,0,0,0,0
3111,0,0,0,0,0
3112,0,0,0,0,0
3113,1,1,1,1,1
3114,1,1,1,1,1
3115,1,1,1,1,1
3116,0,0,0,0,0
3117,1,1,1,1,1
3118,0,0,0,0,0
3119,1,1,1,1,1
3120,0,0,0,0,0
3121,1,1,1,1,1
3122,1,1,1,1,1
3123,0,0,0,0,0
3124,0,0,0,0,0
3125,0,0,0,0,0
3126,1,1,1,1,1
3127,1,1,1,1,0
3128,1,1,1,1,1
3129,0,0,0,0,0
3130,1,1,1,1,0
3131,0,0,0,0,0
3132,1,1,1,1,1
3133,0,0,0,0,0
3134,0,0,0,0,0
3135,0,0,0,0,0
3136,0,0,0,0,0
3137,0,0,0,0,0
3138,0,0,0,0,0
3139,0,0,0,0,0
3140,0,0,0,0,0
3141,0,0,0,0,0
3142,0,0,0,0,0
3143,1,1,1,1,1
3144,1,1,1,1,1
3145,0,0,0,0,0
3146,0,0,0,0,0
3147,1,1,1,1,1
3148,0,0,0,0,0
3149,0,0,0,0,0
3150,1,1,1,1,1
3151,0,0,0,0,0
3152,1,1,1,1,1
3153,1,1,1,1,1
3154,1,1,1,1,1
3155,0,0,0,0,0
3156,1,1,1,1,1
3157,0,0,0,0,0
3158,0,0,0,0,0
3159,1,1,1,1,1
3160,1,1,1,1,1
3161,1,1,1,1,1
3162,1,1,1,1,1
3163,0,0,0,0,0
3164,1,1,1,1,1
3165,1,1,1,1,1
3166,1,1,1,1,1
3167,0,0,0,0,0
3168,0,0,0,0,0
3169,0,0,0,0,0
3170,1,1,1,1,0
3171,1,1,1,1,0
3172,0,0,0,0,0
3173,0,0,0,0,0
3174,1,1,1,1,1
3175,1,1,1,1,0
3176,0,0,0,0,0
3177,1,1,1,1,1
3178,1,1,1,1,1
3179,1,1,1,1,1
3180,1,1,1,1,1
3181,0,0,0,0,0
3182,1,1,1,1,1
3183,0,0,0,0,0
3184,1,1,1,1,1
3185,1,1,1,1,1
3186,0,0,0,0,0
3187,0,0,0,0,0
3188,1,1,1,1,0
3189,0,0,0,0,0
3190,1,1,1,1,1
3191,1,1,1,1,1
3192,0,0,0,0,0
3193,1,1,1,1,1
3194,0,0,0,0,0
3195,0,0,0,0,0
3196,1,1,1,1,1
3197,1,1,1,1,0
3198,1,1,1,1,1
3199,1,1,1,1,1
3200,0,0,0,0,0
3201,1,1,1,1,0
3202,0,0,0,0,0
3203,0,0,0,0,0
3204,1,1,1,1,1
3205,1,1,1,1,1
3206,0,0,0,0,0
3207,0,0,0,0,0
3208,0,0,0,0,0
3209,0,0,0,0,0
3210,1,1,1,1,1
3211,0,0,0,0,0
3212,0,0,0,0,0
3213,0,0,0,0,0
3214,0,0,0,0,0
3215,0,0,0,0,0
3216,0,0,0,0,0
3217,1,1,1,1,1
3218,1,1,1,1,1
3219,0,0,0,0,0
3220,1,1,1,1,1
3221,1,1,1,1,1
3222,0,0,0,0,0
3223,1,1,1,1,1
3224,0,0,0,0,0
3225,0,0,0,0,0
3226,0,0,0,0,0
3227,1,1,1,1,1
3228,1,1,1,1,0
3229,1,1,1,1,1
3230,1,1,1,1,1
3231,0,0,0,0,0
3232,1,1,1,1,1
3233,0,0,0,0,0
3234,1,1,1,1,1
3235,0,0,0,0,0
3236,1,1,1,1,1
3237,0,0,0,0,0
3238,0,0,0,0,0
3239,0,0,0,0,0
3240,1,1,1,1,1
3241,1,1,1,1,1
3242,0,0,0,0,0
3243,0,0,0,0,0
3244,1,1,1,1,1
3245,0,0,0,0,0
3246,1,1,1,1,1
3247,0,0,0,0,0
3248,0,0,0,0,0
3249,1,1,1,1,1
3250,1,1,1,1,1
3251,1,1,1,1,1
3252,0,0,0,0,0
3253,0,0,0,0,0
3254,1,1,1,1,1
3255,1,1,1,1,1
3256,0,0,0,0,0
3257,0,0,0,0,0
3258,1,1,1,1,1
3259,1,1,1,1,1
3260,0,0,0,0,0
3261,0,0,0,0,0
3262,1,1,1,1,0
3263,1,1,1,1,1
3264,0,0,0,0,0
3265,0,0,0,0,0
3266,0,0,0,0,0
3267,1,1,1,1,1
3268,1,1,1,1,1
3269,1,1,1,1,1
3270,0,0,0,0,0
3271,1,0,0,0,0
3272,0,1,1,0,1
3273,0,0,0,0,0
3274,1,1,1,1,1
3275,0,0,0,0,0
3276,1,1,1,1,1
3277,1,1,1,1,1
3278,0,0,0,0,0
3279,0,0,0,0,0
3280,1,1,1,1,1
3281,1,1,1,1,1
3282,1,1,1,1,0
3283,0,0,0,0,0
3284,1,1,1,1,1
3285,0,0,0,0,0
3286,0,0,0,0,0
3287,0,0,0,0,0
3288,1,1,1,1,1
3289,0,0,0,0,0
3290,1,1,1,1,1
3291,0,0,0,0,0
3292,1,1,1,1,1
3293,1,1,1,1,1
3294,0,0,0,0,0
3295,0,0,0,0,0
3296,1,1,1,1,0
3297,1,1,1,1,1
3298,1,1,1,1,1
3299,1,1,1,1,1
3300,1,1,1,1,1
3301,1,1,1,1,1
3302,1,1,1,1,1
3303,1,1,1,1,1
3304,1,1,1,1,1
3305,1,1,1,1,1
3306,0,0,0,0,0
3307,1,1,1,1,1
3308,0,0,0,0,0
3309,0,0,0,0,0
3310,1,1,1,1,1
3311,1,1,1,1,1
3312,1,1,1,1,1
3313,1,1,1,1,0
3314,0,0,0,0,0
3315,1,1,1,1,0
3316,1,1,1,1,1
3317,0,0,0,0,0
3318,1,1,1,1,0
3319,1,1,1,1,1
3320,1,1,1,1,1
3321,1,1,1,1,1
3322,1,1,1,1,1
3323,1,1,1,1,0
3324,0,0,0,0,0
3325,0,0,0,0,0
3326,1,1,1,1,1
3327,0,0,0,0,0
3328,1,1,1,1,1
3329,1,1,1,1,1
3330,0,0,0,0,0
3331,1,1,1,1,1
3332,1,1,1,1,1
3333,0,0,0,0,0
3334,0,0,0,0,0
3335,0,0,0,0,0
3336,0,0,0,0,0
3337,1,1,1,1,1
3338,0,0,0,0,0
3339,1,1,1,1,1
3340,0,0,0,0,0
3341,1,1,1,1,1
3342,0,0,0,0,0
3343,1,1,1,1,1
3344,0,0,0,0,0
3345,0,0,0,0,0
3346,0,0,0,0,0
3347,1,1,1,1,1
3348,1,1,1,1,1
3349,0,0,0,0,0
3350,0,1,1,0,0
3351,0,0,0,0,0
3352,0,0,0,0,0
3353,0,0,0,0,0
3354,1,1,1,1,1
3355,1,1,1,1,1
3356,0,1,1,0,0
3357,0,0,0,0,0
3358,0,0,0,0,0
3359,0,0,0,0,0
3360,1,1,1,1,0
3361,0,0,0,0,0
3362,0,0,0,0,0
3363,0,0,0,0,0
3364,1,1,1,1,1
3365,0,0,0,0,0
3366,1,1,1,1,1
3367,0,0,0,0,0
3368,1,1,1,1,1
3369,1,1,1,1,1
3370,0,0,0,0,0
3371,0,0,0,0,0
3372,0,0,0,0,0
3373,1,1,1,1,1
3374,1,1,1,1,1
3375,1,1,1,1,1
3376,0,0,0,0,0
3377,0,0,0,0,0
3378,1,1,1,1,1
3379,1,1,1,1,1
3380,0,0,0,0,0
3381,0,0,0,0,0
3382,1,1,1,1,1
3383,0,0,0,0,0
3384,0,0,0,0,0
3385,0,0,0,0,0
3386,0,0,0,0,0
3387,0,0,0,0,0
3388,0,0,0,0,0
3389,0,0,0,0,0
3390,1,1,1,1,1
3391,0,0,0,0,0
3392,0,0,0,0,0
3393,0,0,0,0,0
3394,1,1,1,1,1
3395,1,1,1,1,1
3396,1,1,1,1,1
3397,1,1,1,1,1
3398,0,0,0,0,0
3399,1,1,1,1,1
3400,0,0,0,0,0
3401,1,1,1,1,1
3402,1,1,1,1,1
3403,1,1,1,1,1
3404,0,0,0,0,0
3405,1,1,1,1,1
3406,1,1,1,1,1
3407,1,1,1,1,1
3408,1,1,1,1,1
3409,1,1,1,1,1
3410,1,1,1,1,1
3411,1,1,1,1,0
3412,1,1,1,1,1
3413,1,1,1,1,1
3414,0,0,0,0,0
3415,0,0,0,0,0
3416,1,1,1,1,1
3417,0,0,0,0,0
3418,0,0,0,0,0
3419,1,1,1,1,1
3420,1,1,1,1,1
3421,0,0,0,0,0
3422,1,1,1,1,1
3423,1,1,1,1,1
3424,1,1,1,1,1
3425,0,0,0,0,0
3426,0,0,0,0,0
3427,1,1,1,1,1
3428,1,1,1,1,1
3429,0,0,0,0,0
3430,1,1,1,1,1
3431,0,0,0,0,0
3432,0,0,0,0,0
3433,1,1,1,1,1
3434,1,1,1,1,0
3435,1,1,1,1,1
3436,0,0,0,0,0
3437,0,0,0,0,0
3438,1,1,1,1,1
3439,1,1,1,1,1
3440,1,1,1,1,0
3441,1,1,1,1,1
3442,1,1,1,1,0
3443,0,0,0,0,0
3444,0,0,0,0,0
3445,1,1,1,1,0
3446,1,1,1,1,0
3447,1,1,1,1,0
3448,1,1,1,1,1
3449,0,0,0,0,0
3450,0,0,0,0,0
3451,1,1,1,1,0
3452,1,1,1,1,0
3453,0,0,0,0,0
3454,0,0,0,0,0
3455,1,1,1,1,0
3456,0,0,0,0,0
3457,1,1,1,1,1
3458,1,1,1,1,1
3459,0,0,0,0,0
3460,0,0,0,0,0
3461,1,1,1,1,1
3462,1,1,1,1,1
3463,1,1,1,1,1
3464,0,0,0,0,0
3465,0,0,0,0,0
3466,0,0,0,0,0
3467,0,0,0,0,0
3468,0,0,0,0,0
3469,0,0,0,0,0
3470,1,1,1,1,0
3471,0,0,0,0,0
3472,1,1,1,1,1
3473,0,0,0,0,0
3474,1,1,1,1,1
3475,1,1,1,1,1
3476,1,1,1,1,1
3477,1,1,1,1,1
3478,1,1,1,1,1
3479,0,0,0,0,0
3480,0,0,0,0,0
3481,0,0,0,0,0
3482,1,1,1,1,1
3483,0,0,0,0,0
3484,0,0,0,0,0
3485,1,1,1,1,1
3486,1,1,1,1,1
3487,1,1,1,1,1
3488,1,1,1,1,1
3489,0,0,0,0,0
3490,0,0,0,0,0
3491,0,0,0,0,0
3492,0,0,0,0,0
3493,0,0,0,0,0
3494,1,1,1,1,1
3495,1,1,1,1,1
3496,0,0,0,0,0
3497,0,0,0,0,0
3498,0,0,0,0,0
3499,0,0,0,0,0
3500,0,0,0,0,0
3501,1,1,1,1,1
3502,0,0,0,0,0
3503,1,1,1,1,1
3504,1,1,1,1,1
3505,0,0,0,0,0
3506,1,1,1,1,1
3507,0,0,0,0,0
3508,0,0,0,0,0
3509,1,1,1,1,1
3510,0,0,0,0,0
3511,0,0,0,0,0
3512,1,1,1,1,1
3513,1,1,1,1,1
3514,1,1,1,1,1
3515,1,0,0,0,0
3516,0,0,0,0,0
3517,1,1,1,1,1
3518,0,0,0,0,0
3519,0,0,0,0,0
3520,1,1,1,1,1
3521,1,1,1,1,0
3522,0,0,0,0,0
3523,0,0,0,0,0
3524,0,0,0,0,0
3525,0,0,0,0,0
3526,1,1,1,1,1
3527,0,0,0,0,0
3528,1,1,1,1,1
3529,0,0,0,0,0
3530,0,0,0,0,0
3531,1,1,1,1,1
3532,1,1,1,1,0
3533,0,0,0,0,0
3534,0,0,0,0,0
3535,1,1,1,1,1
3536,0,0,0,0,0
3537,1,1,1,1,1
3538,0,0,0,0,0
3539,0,0,0,0,0
3540,1,1,1,1,1
3541,0,0,0,0,0
3542,0,0,0,0,0
3543,1,1,1,1,1
3544,1,1,1,1,0
3545,1,1,1,1,1
3546,1,1,1,1,0
3547,0,0,0,0,0
3548,1,1,1,1,1
3549,1,1,1,1,1
3550,1,1,1,1,1
3551,1,1,1,1,1
3552,1,1,1,1,1
3553,1,1,1,1,1
3554,1,1,1,1,1
3555,1,1,1,1,0
3556,1,1,1,1,1
3557,1,1,1,1,1
3558,0,0,0,0,0
3559,1,1,1,1,1
3560,0,0,0,0,0
3561,0,0,0,0,0
3562,0,0,0,0,0
3563,1,1,1,1,1
3564,1,1,1,1,1
3565,0,0,0,0,0
3566,1,1,1,1,0
3567,0,0,0,0,0
3568,0,0,0,0,0
3569,1,1,1,1,1
3570,0,0,0,0,0
3571,1,1,1,1,1
3572,0,0,0,0,0
3573,0,0,0,0,0
3574,0,1,1,1,0
3575,0,0,0,0,0
3576,1,1,1,1,0
3577,1,1,1,1,1
3578,0,0,0,0,0
3579,0,0,0,0,0
3580,0,0,0,0,0
3581,1,1,1,1,1
3582,0,0,0,0,0
3583,0,0,0,0,0
3584,0,0,0,0,0
3585,0,0,0,0,0
3586,1,1,1,1,1
3587,1,1,1,1,1
3588,0,0,0,0,0
3589,1,1,1,1,0
3590,0,0,0,0,0
3591,1,1,1,1,1
3592,0,0,0,0,0
3593,0,0,0,0,0
3594,0,0,0,0,0
3595,0,0,0,0,0
3596,1,1,1,1,1
3597,1,1,1,1,1
3598,1,1,1,1,1
3599,1,1,1,1,1
3600,1,1,1,1,1
3601,1,1,1,1,1
3602,0,0,0,0,0
3603,0,0,0,0,0
3604,0,0,0,0,0
3605,0,0,0,0,0
3606,0,0,0,0,0
3607,0,0,0,0,0
3608,1,1,1,1,1
3609,1,1,1,1,1
3610,0,0,0,0,0
3611,1,1,1,1,1
3612,1,1,1,1,1
3613,1,1,1,1,1
3614,1,1,1,1,1
3615,0,0,0,0,0
3616,0,0,0,0,0
3617,0,0,0,0,0
3618,1,1,1,1,1
3619,1,1,1,1,1
3620,0,0,0,0,0
3621,1,1,1,1,1
3622,1,1,1,1,1
3623,0,0,0,0,0
3624,1,1,1,1,1
3625,1,1,1,1,1
3626,1,1,1,1,1
3627,1,1,1,0,0
3628,1,1,1,1,1
3629,0,0,0,0,0
3630,1,1,1,1,1
3631,1,1,1,1,1
3632,0,0,0,0,0
3633,0,0,0,0,0
3634,1,1,1,1,1
3635,1,1,1,1,1
3636,0,0,0,0,0
3637,1,1,1,1,1
3638,0,0,0,0,0
3639,1,1,1,1,1
3640,0,0,0,0,0
3641,1,1,1,1,1
3642,1,1,1,1,0
3643,0,0,0,0,0
3644,1,1,1,1,1
3645,0,0,0,0,0
3646,1,1,1,1,1
3647,1,1,1,1,0
3648,0,0,0,0,0
3649,1,1,1,1,1
3650,0,0,0,0,0
3651,0,0,0,0,0
3652,1,1,1,1,1
3653,0,0,0,0,0
3654,1,1,1,1,1
3655,0,0,0,0,0
3656,0,0,0,0,0
3657,0,0,0,0,0
3658,1,1,1,1,0
3659,0,0,0,0,0
3660,0,0,0,0,0
3661,1,1,1,1,0
3662,0,0,0,0,0
3663,1,1,1,1,1
3664,0,0,0,0,0
3665,1,1,1,1,1
3666,0,0,0,0,0
3667,0,0,0,0,0
3668,1,1,1,1,1
3669,1,1,1,1,1
3670,1,1,1,1,1
3671,1,1,1,1,1
3672,0,0,0,0,0
3673,1,1,1,1,1
3674,1,1,1,1,1
3675,0,0,0,0,0
3676,1,1,1,1,1
3677,0,0,0,0,0
3678,1,1,1,1,1
3679,1,1,1,1,1
3680,0,0,0,0,0
3681,1,1,1,1,1
3682,1,1,1,1,1
3683,1,1,1,1,0
3684,0,0,0,0,0
3685,0,0,0,0,0
3686,1,1,1,1,1
3687,1,1,1,1,1
3688,0,0,0,0,0
3689,0,0,0,0,0
3690,0,0,0,0,0
3691,1,1,1,1,1
3692,0,0,0,0,0
3693,1,1,1,1,1
3694,0,0,0,0,0
3695,0,0,0,0,0
3696,0,0,0,0,0
3697,1,1,1,1,0
3698,1,0,1,0,0
3699,1,1,1,1,1
3700,0,0,0,0,0
3701,1,1,1,1,1
3702,0,0,0,0,0
3703,0,0,0,0,0
3704,0,0,0,0,0
3705,1,1,1,1,1
3706,1,1,1,1,0
3707,0,0,0,0,0
3708,1,1,1,1,1
3709,0,0,0,0,0
3710,1,1,1,1,1
3711,0,0,0,0,0
3712,1,1,1,1,1
3713,0,0,0,0,0
3714,1,1,1,1,0
3715,1,1,1,1,1
3716,0,0,0,0,0
3717,0,0,0,0,0
3718,0,0,0,0,0
3719,1,1,1,1,1
3720,0,0,0,0,0
3721,0,0,0,0,0
3722,1,1,1,1,1
3723,0,0,0,0,0
3724,1,1,1,1,1
3725,1,1,1,1,1
3726,0,0,0,0,0
3727,0,0,0,0,0
3728,0,0,0,0,0
3729,0,0,0,0,0
3730,1,1,1,1,0
3731,0,0,0,0,0
3732,1,1,1,1,1
3733,1,1,1,1,1
3734,1,1,1,1,1
3735,1,0,0,1,0
3736,0,0,0,0,0
3737,1,1,1,1,1
3738,0,0,0,0,0
3739,0,0,0,0,0
3740,0,0,0,0,0
3741,0,0,0,0,0
3742,1,1,1,1,1
3743,0,0,0,0,0
3744,0,0,0,0,0
3745,0,0,0,0,0
3746,0,0,0,0,0
3747,1,1,1,1,1
3748,0,0,0,0,0
3749,1,1,1,1,1
3750,1,1,1,1,0
3751,0,0,0,0,0
3752,0,0,0,0,0
3753,1,1,1,1,1
3754,1,1,1,1,1
3755,1,1,1,1,1
3756,1,1,1,1,1
3757,1,1,1,1,0
3758,0,0,0,0,0
3759,1,1,1,1,1
3760,0,0,0,0,0
3761,1,1,1,1,1
3762,1,1,1,1,1
3763,0,0,0,0,0
3764,0,0,0,0,0
3765,0,0,0,0,0
3766,1,1,1,1,1
3767,0,0,0,0,0
3768,1,1,1,1,1
3769,1,1,1,1,1
3770,1,1,1,1,1
3771,0,0,0,0,0
3772,1,1,1,1,0
3773,0,0,0,0,0
3774,1,1,1,1,0
3775,1,1,1,1,0
3776,1,1,1,1,1
3777,1,1,1,1,1
3778,0,0,0,0,0
3779,0,0,0,0,0
3780,0,0,0,0,0
3781,1,0,0,1,0
3782,1,1,1,1,1
3783,0,0,0,0,0
3784,1,1,1,1,1
3785,1,1,1,1,1
3786,1,1,1,1,1
3787,0,0,0,0,0
3788,1,1,1,1,0
3789,1,1,1,1,1
3790,0,0,0,0,0
3791,1,1,1,1,1
3792,1,1,1,1,1
3793,0,0,0,0,0
3794,1,1,1,1,1
3795,0,0,0,0,0
3796,1,1,1,1,0
3797,0,0,0,0,0
3798,1,1,1,1,1
3799,0,0,0,0,0
3800,1,1,1,1,1
3801,0,0,0,0,0
3802,0,0,0,0,0
3803,1,1,1,1,1
3804,0,0,0,0,0
3805,0,0,0,0,0
3806,1,1,1,1,1
3807,1,1,1,1,1
3808,1,1,1,1,1
3809,1,1,1,1,1
3810,0,0,0,0,0
3811,1,1,1,1,1
3812,0,0,0,0,0
3813,1,1,1,1,1
3814,1,1,1,1,1
3815,1,0,0,1,0
3816,1,1,1,1,1
3817,1,1,1,1,1
3818,1,1,1,1,0
3819,1,1,1,1,1
3820,0,0,0,0,0
3821,0,0,0,0,0
3822,1,1,1,1,0
3823,0,0,0,0,0
3824,1,1,1,1,1
3825,0,0,0,0,0
3826,1,1,1,1,1
3827,1,1,1,1,1
3828,0,0,0,0,0
3829,0,0,0,0,0
3830,1,1,1,1,1
3831,0,0,0,0,0
3832,1,1,1,1,0
3833,0,0,0,0,0
3834,0,0,0,0,0
3835,0,0,0,0,0
3836,1,1,1,1,1
3837,1,1,1,1,1
3838,0,0,0,0,0
3839,0,0,0,0,0
3840,1,1,1,1,1
3841,1,1,1,1,1
3842,0,0,0,0,0
3843,0,0,0,0,0
3844,1,1,1,1,1
3845,1,1,1,1,1
3846,0,0,0,0,0
3847,1,1,1,1,1
3848,1,1,1,1,0
3849,1,1,1,1,1
3850,1,1,1,1,1
3851,0,0,0,0,0
3852,0,0,0,0,0
3853,0,0,0,0,0
3854,0,0,0,0,0
3855,0,0,0,0,0
3856,1,1,1,1,1
3857,1,1,1,1,1
3858,0,0,0,0,0
3859,1,1,1,1,1
3860,1,1,1,1,0
3861,0,0,0,0,0
3862,1,1,1,1,1
3863,1,1,1,1,0
3864,1,1,1,1,1
3865,0,0,0,0,0
3866,1,1,1,1,1
3867,1,1,1,1,1
3868,0,0,0,0,0
3869,1,1,1,1,1
3870,1,1,1,1,0
3871,1,1,1,1,1
3872,0,0,0,0,0
3873,1,1,1,0,1
3874,0,0,0,0,0
3875,1,1,1,1,0
3876,0,0,0,0,0
3877,1,1,1,1,1
3878,0,0,0,0,0
3879,0,0,0,0,0
3880,1,1,1,1,1
3881,0,0,0,0,0
3882,1,1,1,1,1
3883,1,1,1,1,0
3884,1,1,1,1,1
3885,0,0,0,0,0
3886,0,0,0,0,0
3887,0,0,0,0,0
3888,0,0,0,0,0
3889,1,1,1,1,1
3890,1,1,1,1,1
3891,0,0,0,0,0
3892,1,1,1,1,0
3893,1,1,1,1,1
3894,0,0,0,0,0
3895,1,1,1,1,1
3896,1,1,1,1,1
3897,1,1,1,1,1
3898,1,1,1,1,0
3899,0,0,0,0,0
3900,1,1,1,1,1
3901,1,1,1,1,1
3902,1,1,1,1,1
3903,1,1,1,1,0
3904,0,0,0,0,0
3905,1,1,1,1,0
3906,0,0,0,0,0
3907,0,0,0,0,0
3908,1,1,1,1,1
3909,1,1,1,1,1
3910,0,0,0,0,0
3911,1,1,1,1,1
3912,0,0,0,0,0
3913,1,1,1,1,1
3914,1,1,1,1,0
3915,1,1,1,1,1
3916,1,1,1,1,0
3917,1,1,1,1,0
3918,1,1,1,1,1
3919,1,1,1,1,1
3920,1,1,1,1,1
3921,1,1,1,1,1
3922,1,1,1,1,1
3923,1,1,1,1,1
3924,0,0,0,0,0
3925,0,0,0,0,0
3926,0,0,0,0,0
3927,0,0,0,0,0
3928,0,0,0,0,0
3929,1,1,1,1,1
3930,1,1,1,1,1
3931,1,1,1,1,1
3932,1,1,1,1,1
3933,1,1,1,1,1
3934,1,1,1,1,1
3935,1,1,1,1,1
3936,1,1,1,1,1
3937,0,0,0,0,0
3938,1,1,1,1,1
3939,1,1,1,1,1
3940,1,1,1,1,1
3941,0,0,0,0,0
3942,1,1,1,1,0
3943,0,0,0,0,0
3944,1,1,1,1,0
3945,0,0,0,0,0
3946,1,1,1,1,1
3947,0,0,0,0,0
3948,1,1,1,1,1
3949,0,0,0,0,0
3950,0,0,0,0,0
3951,0,0,0,0,0
3952,1,1,1,1,1
3953,0,0,0,0,0
3954,1,1,1,1,1
3955,0,0,0,0,0
3956,0,0,0,1,0
3957,0,0,0,0,0
3958,1,0,0,0,0
3959,1,1,1,1,1
3960,1,1,1,1,1
3961,1,1,1,1,1
3962,0,0,0,0,0
3963,0,0,0,0,0
3964,1,1,1,1,1
3965,0,0,0,0,0
3966,0,0,0,0,0
3967,1,1,1,1,1
3968,0,0,0,0,0
3969,0,0,0,0,0
3970,1,1,1,1,1
3971,1,1,1,1,1
3972,1,1,1,1,0
3973,1,1,1,1,1
3974,1,1,1,1,1
3975,0,0,0,0,0
3976,1,1,1,1,1
3977,0,0,0,0,0
3978,1,1,1,1,1
3979,0,0,0,0,0
3980,1,1,1,1,1
3981,1,1,1,1,0
3982,0,0,0,0,0
3983,1,1,1,1,1
3984,0,0,0,0,0
3985,1,1,1,1,1
3986,1,1,1,1,1
3987,0,0,0,0,0
3988,0,0,0,0,0
3989,1,1,1,1,1
3990,1,1,1,1,1
3991,1,1,1,1,1
3992,1,1,1,1,1
3993,1,1,1,1,0
3994,0,0,0,0,0
3995,0,0,0,0,0
3996,0,0,0,0,0
3997,1,1,1,1,1
3998,1,1,1,1,1
3999,1,1,1,1,1
4000,1,1,1,1,1
4001,1,1,1,1,1
4002,1,1,1,1,1
4003,1,1,1,1,1
4004,0,0,0,0,0
4005,1,1,1,1,0
4006,0,0,0,0,0
4007,0,0,0,0,0
4008,0,0,0,0,0
4009,0,0,0,0,0
4010,1,1,1,1,0
4011,0,0,0,0,0
4012,0,0,0,0,0
4013,1,1,1,1,1
4014,0,0,0,0,0
4015,0,0,0,0,0
4016,1,1,1,1,1
4017,0,0,0,0,0
4018,1,1,1,1,1
4019,0,0,0,0,0
4020,0,1,1,1,0
4021,1,1,1,1,1
4022,0,0,0,0,0
4023,0,0,0,0,0
4024,0,0,0,0,0
4025,0,0,0,0,0
4026,1,1,1,0,0
4027,1,1,1,1,1
4028,1,1,1,1,1
4029,1,1,1,1,1
4030,0,0,0,0,0
4031,1,1,1,1,1
4032,0,0,0,0,0
4033,1,1,1,1,1
4034,0,0,0,0,0
4035,0,0,0,0,0
4036,0,0,0,0,0
4037,1,1,1,1,1
4038,0,0,0,0,0
4039,1,1,1,1,1
4040,1,1,1,1,1
4041,1,1,1,1,1
4042,0,0,0,0,0
4043,1,1,1,1,0
4044,0,0,0,0,0
4045,0,0,0,0,0
4046,1,1,1,1,1
4047,0,0,0,0,0
4048,0,0,0,0,0
4049,0,0,0,0,0
4050,1,1,1,1,1
4051,0,0,0,0,0
4052,1,1,1,1,1
4053,1,1,1,1,1
4054,0,0,0,0,0
4055,0,0,0,0,0
4056,1,1,1,1,1
4057,0,0,0,0,0
4058,1,1,1,1,1
4059,1,1,1,1,1
4060,0,0,0,0,0
4061,0,0,0,0,0
4062,0,0,0,0,0
4063,1,1,1,1,1
4064,1,1,1,1,1
4065,1,1,1,1,1
4066,1,1,1,1,1
4067,1,1,1,1,0
4068,1,1,1,1,1
4069,0,0,0,0,0
4070,0,0,0,0,0
4071,0,0,0,0,0
4072,0,0,0,0,0
4073,0,0,0,0,0
4074,1,1,1,1,1
4075,0,0,0,0,0
4076,0,0,0,0,0
4077,0,0,0,0,0
4078,0,0,0,0,0
4079,1,1,1,1,0
4080,0,0,0,0,0
4081,0,0,0,0,0
4082,0,0,0,0,0
4083,0,0,0,0,0
4084,1,1,1,1,0
4085,1,1,1,1,0
4086,0,0,0,0,0
4087,0,0,0,0,0
4088,1,1,1,1,1
4089,1,1,1,1,0
4090,1,1,1,1,1
4091,1,1,1,1,1
4092,1,1,1,1,1
4093,1,1,1,1,1
4094,1,1,1,1,1
4095,1,1,1,1,1
4096,1,1,1,1,1
4097,0,0,0,0,0
4098,1,1,1,1,1
4099,0,0,0,0,0
4100,0,0,0,0,0
4101,1,1,1,1,1
4102,0,0,0,0,0
4103,1,1,1,1,1
4104,1,1,1,1,1
4105,0,0,0,0,0
4106,0,0,0,0,0
4107,0,0,0,0,0
4108,0,0,0,0,0
4109,0,0,0,0,0
4110,0,0,0,0,0
4111,0,0,0,0,0
4112,0,0,0,0,0
4113,0,0,0,0,0
4114,0,0,0,0,0
4115,0,0,0,0,0
4116,0,0,0,0,0
4117,0,0,0,0,0
4118,0,0,0,0,0
4119,0,0,0,0,0
4120,1,1,1,1,1
4121,1,1,1,1,1
4122,0,0,0,0,0
4123,0,0,0,0,0
4124,0,0,0,0,0
4125,0,0,0,0,0
4126,0,0,0,0,0
4127,1,1,1,1,1
4128,1,1,1,1,0
4129,1,1,1,1,1
4130,0,0,0,0,0
4131,1,1,1,1,1
4132,0,0,0,0,0
4133,0,0,0,0,0
4134,1,1,1,1,0
4135,1,1,1,1,1
4136,0,0,0,0,0
4137,0,0,0,0,0
4138,0,0,0,0,0
4139,1,1,1,1,1
4140,1,1,1,1,0
4141,0,0,0,0,0
4142,0,0,0,0,0
4143,0,0,0,0,0
4144,1,1,1,1,1
4145,0,0,0,0,0
4146,1,1,1,1,1
4147,0,0,0,0,0
4148,1,1,1,1,1
4149,0,0,0,0,0
4150,0,0,0,0,0
4151,0,0,0,0,0
4152,1,1,1,1,1
4153,1,1,1,1,1
4154,0,0,0,0,0
4155,1,1,1,1,1
4156,0,0,0,0,0
4157,1,1,1,1,1
4158,1,1,1,1,1
4159,0,0,0,0,0
4160,1,1,1,1,0
4161,1,1,1,1,1
4162,0,0,0,0,0
4163,1,1,1,1,1
4164,1,1,1,1,1
4165,1,1,1,1,1
4166,0,0,0,0,0
4167,1,1,1,1,1
4168,0,0,0,0,0
4169,1,1,1,1,0
4170,0,0,0,0,0
4171,1,1,1,1,1
4172,1,1,1,1,0
4173,0,0,0,0,0
4174,0,0,0,0,0
4175,1,1,1,1,1
4176,1,1,1,1,0
4177,0,0,0,0,0
4178,0,0,0,0,0
4179,1,1,1,1,1
4180,0,0,0,0,0
4181,1,1,1,1,1
4182,1,1,1,1,1
4183,0,0,0,0,0
4184,1,1,1,1,1
4185,0,0,0,0,0
4186,1,1,1,1,0
4187,1,1,1,1,1
4188,0,0,0,0,0
4189,1,1,1,1,1
4190,1,1,1,1,1
4191,0,0,0,0,0
4192,1,1,1,1,1
4193,1,1,1,1,1
4194,0,0,0,0,0
4195,1,1,1,1,1
4196,1,1,1,1,1
4197,1,1,1,1,1
4198,1,1,1,1,1
4199,1,1,1,1,1
4200,0,0,0,0,0
4201,1,1,1,1,1
4202,1,1,1,1,1
4203,0,1,1,1,1
4204,1,1,1,1,1
4205,0,0,0,0,0
4206,1,1,1,1,1
4207,1,1,1,1,1
4208,0,0,0,0,0
4209,1,1,1,1,1
4210,0,0,0,0,0
4211,1,1,1,1,1
4212,1,1,1,1,1
4213,1,1,1,1,0
4214,0,0,0,0,0
4215,0,0,0,0,0
4216,1,1,1,1,0
4217,0,0,0,0,0
4218,1,1,1,1,1
4219,1,1,1,1,1
4220,1,1,1,1,1
4221,1,1,1,1,1
4222,0,0,0,0,0
4223,1,1,1,1,1
4224,1,1,1,1,1
4225,1,1,1,1,1
4226,0,0,0,0,0
4227,0,0,0,0,0
4228,0,0,0,0,0
4229,0,0,0,0,0
4230,0,0,0,0,0
4231,0,0,0,0,0
4232,0,0,0,0,0
4233,1,1,1,1,1
4234,1,1,1,1,0
4235,1,1,1,1,1
4236,1,1,1,1,0
4237,1,1,1,1,1
4238,0,0,0,0,0
4239,1,1,1,1,1
4240,1,1,1,1,1
4241,0,0,0,0,0
4242,0,0,0,0,0
4243,1,1,1,1,0
4244,1,1,1,1,1
4245,1,1,1,1,1
4246,1,1,1,1,1
4247,1,1,1,1,1
4248,0,0,0,0,0
4249,0,0,0,0,0
4250,1,1,1,1,0
4251,0,0,0,0,0
4252,1,1,1,1,1
4253,0,0,0,0,0
4254,1,1,1,1,0
4255,0,0,0,0,0
4256,0,0,0,0,0
4257,1,1,1,1,1
4258,0,0,0,0,0
4259,0,0,0,0,0
4260,1,1,1,1,1
4261,1,1,1,1,1
4262,0,0,0,0,0
4263,1,1,1,1,1
4264,0,0,0,0,0
4265,0,0,0,0,0
4266,0,0,0,0,0
4267,0,0,0,0,0
4268,1,1,1,1,1
4269,0,0,0,0,0
4270,1,1,1,1,1
4271,0,0,0,0,0
4272,0,0,0,0,0
4273,0,0,0,0,0
4274,1,1,1,1,1
4275,1,1,1,1,0
4276,1,1,1,1,1
4277,0,0,0,0,0
4278,0,0,0,0,0
4279,0,0,0,0,0
4280,1,1,1,1,1
4281,0,1,1,1,0
4282,0,0,0,0,0
4283,0,0,0,0,0
4284,1,1,1,1,1
4285,0,0,0,0,0
4286,0,0,0,0,0
4287,1,1,1,1,0
4288,0,0,0,0,0
4289,0,0,0,0,0
4290,1,1,1,1,1
4291,0,0,0,0,0
4292,0,0,0,0,0
4293,1,1,1,1,0
4294,1,1,1,1,1
4295,1,1,1,1,1
4296,1,1,1,1,1
4297,0,0,0,0,0
4298,0,0,0,0,0
4299,0,0,0,0,0
4300,1,1,1,1,1
4301,1,1,1,1,1
4302,0,0,0,0,0
4303,0,0,0,0,0
4304,1,1,1,1,1
4305,0,0,0,0,0
4306,0,0,0,0,0
4307,1,1,1,1,1
4308,0,0,0,0,0
4309,1,1,1,1,1
4310,1,1,1,1,1
4311,0,0,0,0,0
4312,1,1,1,1,1
4313,0,0,0,0,0
4314,0,0,0,0,0
4315,1,1,1,1,1
4316,0,0,0,0,0
4317,0,0,0,0,0
4318,0,0,0,0,0
4319,1,1,1,1,1
4320,1,1,1,1,0
4321,1,1,1,1,1
4322,0,0,0,0,0
4323,1,1,1,1,0
4324,0,0,0,0,0
4325,0,0,0,0,0
4326,1,1,1,1,0
4327,0,0,0,0,0
4328,1,1,1,1,0
4329,1,1,1,1,1
4330,0,0,0,0,0
4331,0,0,0,0,0
4332,1,1,1,1,1
4333,1,1,1,1,1
4334,1,1,1,1,1
4335,0,0,0,0,0
4336,0,0,0,0,0
4337,1,1,1,1,1
4338,1,1,1,1,1
4339,0,0,0,0,0
4340,0,0,0,0,0
4341,1,1,1,1,1
4342,0,0,0,0,0
4343,0,0,0,0,0
4344,0,0,0,0,0
4345,0,0,0,0,0
4346,0,0,0,0,0
4347,1,1,1,1,1
4348,0,0,0,0,0
4349,1,1,1,1,1
4350,0,0,0,0,0
4351,1,1,1,1,1
4352,1,1,1,1,0
4353,1,1,1,1,1
4354,1,1,1,0,0
4355,1,1,1,1,1
4356,0,0,0,0,0
4357,1,1,1,1,1
4358,0,0,0,0,0
4359,1,1,1,1,1
4360,0,0,0,0,0
4361,0,0,0,0,0
4362,0,0,0,0,0
4363,0,0,0,0,0
4364,0,0,0,0,0
4365,1,1,1,1,1
4366,1,1,1,1,1
4367,0,0,0,0,0
4368,0,0,0,0,0
4369,0,0,0,0,0
4370,1,1,1,1,1
4371,1,1,1,1,1
4372,1,1,1,1,1
4373,1,1,1,1,1
4374,0,0,0,0,0
4375,0,0,0,0,0
4376,0,0,0,0,0
4377,0,0,0,0,0
4378,0,0,0,0,0
4379,0,0,0,0,0
4380,0,0,0,0,0
4381,1,1,1,1,1
4382,0,0,0,0,0
4383,1,1,1,1,1
4384,0,0,0,0,0
4385,1,1,1,1,1
4386,0,0,0,0,0
4387,1,1,1,1,1
4388,0,0,0,0,0
4389,0,0,0,0,0
4390,0,0,0,0,0
4391,1,1,1,1,1
4392,0,0,0,0,0
4393,1,1,1,1,1
4394,0,0,0,0,0
4395,0,0,0,0,0
4396,0,0,0,0,0
4397,0,0,0,0,0
4398,1,1,1,1,1
4399,0,0,0,0,0
4400,1,1,1,1,1
4401,1,1,1,1,1
4402,1,0,0,1,0
4403,1,1,1,1,0
4404,0,0,0,0,0
4405,1,1,1,1,1
4406,1,1,1,1,1
4407,0,0,0,0,0
4408,0,0,0,0,0
4409,1,1,1,1,0
4410,0,0,0,0,0
4411,1,1,1,1,1
4412,1,1,1,1,1
4413,1,1,1,1,1
4414,1,1,1,1,1
4415,0,0,0,0,0
4416,1,1,1,1,1
4417,1,1,1,1,1
4418,0,0,0,0,0
4419,0,0,0,0,0
4420,0,0,0,0,0
4421,0,0,0,0,0
4422,1,1,1,1,1
4423,1,1,1,1,1
4424,1,1,1,1,1
4425,1,1,1,1,1
4426,1,1,1,1,0
4427,1,1,1,1,0
4428,0,0,0,0,0
4429,0,0,0,0,0
4430,1,1,1,1,1
4431,0,0,0,0,0
4432,1,0,1,1,0
4433,1,1,1,1,0
4434,0,0,0,0,0
4435,1,1,1,1,1
4436,1,1,1,1,1
4437,1,1,1,1,1
4438,1,1,1,1,1
4439,1,1,1,1,1
4440,0,0,0,0,0
4441,1,1,1,1,1
4442,1,1,1,1,0
4443,0,1,1,0,0
4444,1,1,1,1,1
4445,1,1,1,1,1
4446,1,1,1,1,1
4447,1,1,1,1,1
4448,1,1,1,1,1
4449,0,0,0,0,0
4450,0,0,0,0,0
4451,1,1,1,1,0
4452,0,0,0,0,0
4453,0,0,0,0,0
4454,0,0,0,0,0
4455,0,0,0,0,0
4456,1,1,1,1,0
4457,0,0,0,0,0
4458,1,1,1,1,1
4459,1,1,1,1,1
4460,0,0,0,0,0
4461,1,1,1,1,1
4462,0,0,0,0,0
4463,1,1,1,1,1
4464,1,1,1,1,1
4465,0,0,0,0,0
4466,0,0,0,0,0
4467,0,0,0,0,0
4468,0,0,0,0,0
4469,1,1,1,1,1
4470,1,1,1,1,1
4471,0,0,0,0,0
4472,0,0,0,0,0
4473,0,0,0,0,0
4474,1,1,1,1,1
4475,1,1,1,1,1
4476,1,1,1,1,1
4477,1,1,1,1,1
4478,1,1,1,1,1
4479,0,0,0,0,0
4480,0,0,0,0,1
4481,0,0,0,0,0
4482,1,1,1,1,1
4483,1,1,1,1,1
4484,0,0,0,0,0
4485,0,0,0,0,0
4486,0,0,0,0,0
4487,1,1,1,1,1
4488,1,1,1,1,0
4489,1,1,1,1,1
4490,1,1,1,1,1
4491,1,1,1,1,1
4492,1,1,1,1,1
4493,0,0,0,0,0
4494,1,1,1,1,1
4495,0,0,0,0,0
4496,1,1,1,1,1
4497,0,0,0,0,0
4498,0,0,0,0,0
4499,1,1,1,1,1
4500,1,1,1,1,1
4501,0,0,0,0,0
4502,0,0,0,0,0
4503,0,0,0,0,0
4504,0,0,0,0,0
4505,0,0,0,0,0
4506,1,1,1,1,1
4507,1,1,1,1,1
4508,0,0,0,0,0
4509,0,0,0,0,0
4510,1,1,1,1,1
4511,1,1,1,1,1
4512,0,0,0,0,0
4513,0,0,0,0,0
4514,1,1,1,1,1
4515,0,0,0,0,0
4516,0,0,0,0,0
4517,1,1,1,1,1
4518,0,0,0,0,0
4519,1,1,1,1,1
4520,1,1,1,1,1
4521,1,1,1,1,1
4522,0,0,0,0,0
4523,1,1,1,1,1
4524,1,1,1,1,1
4525,0,0,0,0,0
4526,1,1,1,1,1
4527,0,0,0,0,0
4528,0,0,0,0,0
4529,1,1,1,0,0
4530,0,0,0,0,0
4531,0,0,0,0,0
4532,0,0,0,0,0
4533,0,0,0,0,0
4534,0,0,0,0,0
4535,1,1,1,1,1
4536,0,0,0,0,0
4537,1,1,1,1,1
4538,0,0,0,0,0
4539,1,1,1,1,1
4540,1,1,1,1,1
4541,0,0,0,0,0
4542,0,0,0,0,0
4543,0,0,0,0,0
4544,1,1,1,1,1
4545,0,0,0,1,0
4546,0,0,0,0,0
4547,0,0,0,0,0
4548,0,0,0,0,0
4549,0,0,0,0,0
4550,0,0,0,0,0
4551,0,0,0,0,0
4552,0,0,0,0,0
4553,0,0,0,0,0
4554,1,1,1,1,1
4555,0,0,0,0,0
4556,0,0,0,0,0
4557,1,1,1,1,1
4558,0,0,0,0,0
4559,1,1,1,1,1
4560,1,1,1,1,1
4561,1,0,0,1,0
4562,1,1,1,1,1
4563,0,0,0,0,0
4564,1,1,1,1,1
4565,0,0,0,0,0
4566,0,0,0,0,0
4567,0,0,0,0,0
4568,0,0,0,0,0
4569,0,0,0,0,0
4570,1,1,1,1,1
4571,1,1,1,1,1
4572,1,1,1,1,1
4573,1,1,1,1,1
4574,0,0,0,0,0
4575,0,0,0,0,0
4576,0,0,0,0,0
4577,0,0,0,0,0
4578,1,1,1,1,1
4579,0,0,0,0,0
4580,0,0,0,0,0
4581,0,0,0,0,0
4582,1,1,1,1,1
4583,0,0,0,0,0
4584,1,1,1,1,1
4585,0,0,0,0,0
4586,1,1,1,1,1
4587,1,1,1,1,1
4588,0,0,0,0,0
4589,0,0,0,0,0
4590,1,1,1,1,0
4591,1,1,1,1,1
4592,0,0,0,0,0
4593,0,0,0,0,0
4594,0,0,0,0,0
4595,0,0,0,0,0
4596,1,1,1,1,1
4597,1,1,1,1,0
4598,1,1,1,1,1
4599,1,1,1,1,1
4600,1,1,1,1,0
4601,1,1,1,1,1
4602,0,0,0,0,0
4603,1,1,1,1,1
4604,1,1,1,1,1
4605,0,0,0,0,0
4606,1,1,1,1,1
4607,1,1,1,1,1
4608,1,1,1,1,1
4609,1,1,1,1,1
4610,1,1,1,1,1
4611,1,1,1,1,1
4612,0,0,0,0,0
4613,1,1,1,1,1
4614,0,0,0,0,0
4615,1,1,1,1,1
4616,1,1,1,1,0
4617,1,1,1,1,1
4618,1,1,1,1,1
4619,0,0,0,0,0
4620,1,1,1,1,1
4621,1,1,1,1,1
4622,0,0,0,0,0
4623,0,0,0,0,0
4624,1,1,1,1,1
4625,1,1,1,1,1
4626,1,1,1,1,1
4627,0,0,0,0,0
4628,0,0,0,0,0
4629,1,1,1,1,1
4630,1,1,1,1,1
4631,0,0,0,0,0
4632,1,1,1,1,1
4633,0,0,0,0,0
4634,1,1,1,1,1
4635,1,1,1,1,1
4636,0,0,0,0,0
4637,0,0,0,0,0
4638,1,1,1,1,1
4639,1,1,1,1,1
4640,0,0,0,0,0
4641,1,1,1,1,1
4642,1,1,1,1,1
4643,0,0,0,0,0
4644,1,1,1,1,1
4645,1,1,1,1,1
4646,1,1,1,1,1
4647,0,0,0,0,0
4648,1,1,1,1,1
4649,0,0,0,0,0
4650,0,0,0,0,0
4651,1,1,1,1,1
4652,0,0,0,0,0
4653,0,0,0,0,0
4654,1,1,1,1,0
4655,0,0,0,0,0
4656,0,0,0,0,0
4657,1,1,1,1,1
4658,1,1,1,1,1
4659,1,1,1,1,1
4660,1,1,1,1,1
4661,0,0,0,0,0
4662,0,0,0,0,0
4663,0,0,0,0,0
4664,0,0,0,0,0
4665,0,0,0,0,0
4666,0,0,0,0,0
4667,0,0,0,0,0
4668,1,1,1,1,1
4669,1,1,1,1,1
4670,1,1,1,1,1
4671,0,0,0,0,0
4672,0,0,0,0,0
4673,0,0,0,0,0
4674,0,0,0,0,0
4675,1,1,1,1,1
4676,1,1,1,1,1
4677,1,1,1,1,1
4678,0,0,0,0,0
4679,1,1,1,1,1
4680,1,1,1,1,1
4681,1,1,1,1,1
4682,0,0,0,0,0
4683,1,1,1,1,0
4684,0,0,0,0,0
4685,1,1,1,1,1
4686,1,1,1,1,0
4687,1,1,1,1,1
4688,0,0,0,0,0
4689,1,1,1,1,0
4690,0,0,0,0,0
4691,0,0,0,0,0
4692,0,0,0,0,0
4693,0,0,0,0,0
4694,0,0,0,0,0
4695,0,0,0,0,0
4696,0,0,0,0,0
4697,0,0,0,0,0
4698,0,0,0,0,0
4699,0,0,0,0,0
4700,1,1,1,1,1
4701,1,1,1,1,1
4702,1,1,1,1,1
4703,1,1,1,1,1
4704,1,1,1,1,1
4705,1,1,1,1,1
4706,1,1,1,1,1
4707,1,1,1,1,1
4708,1,1,1,1,0
4709,1,1,1,1,1
4710,1,1,1,1,1
4711,0,0,0,0,0
4712,1,1,1,1,0
4713,0,0,0,0,0
4714,1,1,1,1,1
4715,0,0,0,0,0
4716,1,1,1,1,1
4717,0,0,0,0,0
4718,1,1,1,1,1
4719,1,1,1,1,1
4720,0,0,0,0,0
4721,0,0,0,0,0
4722,1,1,1,1,1
4723,1,1,1,1,1
4724,0,0,0,0,0
4725,0,0,0,0,0
4726,0,0,0,0,0
4727,1,1,1,1,0
4728,1,1,1,1,0
4729,1,1,1,1,0
4730,0,0,0,0,0
4731,0,0,0,0,0
4732,1,1,1,1,1
4733,1,1,1,1,1
4734,1,1,1,1,1
4735,1,1,1,1,1
4736,0,0,0,0,0
4737,1,1,1,1,1
4738,1,1,1,1,1
4739,1,1,1,1,1
4740,0,0,0,0,0
4741,1,1,1,1,1
4742,1,1,1,1,1
4743,1,1,1,1,1
4744,0,0,0,0,0
4745,1,1,1,1,1
4746,0,0,0,0,0
4747,0,0,0,0,0
4748,0,0,0,0,0
4749,0,0,0,0,0
4750,0,0,0,0,0
4751,1,1,1,1,1
4752,1,1,1,1,0
4753,1,1,1,1,1
4754,0,0,0,0,0
4755,0,0,0,0,0
4756,1,1,1,1,1
4757,1,1,1,1,1
4758,1,1,1,1,1
4759,0,0,0,0,0
4760,0,0,0,0,0
4761,0,0,0,0,0
4762,1,1,1,1,1
4763,0,0,0,0,0
4764,0,0,0,0,0
4765,1,1,1,1,1
4766,1,1,1,1,0
4767,1,1,1,1,1
4768,1,1,1,1,1
4769,0,0,0,0,0
4770,1,1,1,1,1
4771,0,0,0,0,0
4772,1,1,1,1,1
4773,1,1,1,1,1
4774,0,0,0,0,0
4775,1,1,1,1,0
4776,0,0,0,0,0
4777,1,1,1,1,0
4778,1,1,1,1,1
4779,1,1,1,1,1
4780,1,1,1,1,1
4781,1,1,1,1,1
4782,0,0,0,0,0
4783,0,0,0,0,0
4784,1,1,1,1,1
4785,0,0,0,0,0
4786,1,1,1,1,1
4787,0,0,0,0,0
4788,1,1,1,1,0
4789,1,1,1,1,1
4790,0,0,0,0,0
4791,0,0,0,0,0
4792,1,1,1,1,1
4793,1,1,1,1,1
4794,1,1,1,1,1
4795,1,1,1,1,1
4796,1,1,1,1,1
4797,0,0,0,0,0
4798,1,1,1,1,1
4799,0,0,0,0,0
4800,0,0,0,0,0
4801,1,1,1,1,1
4802,1,1,1,1,1
4803,1,1,1,1,1
4804,1,1,1,1,1
4805,1,1,1,1,1
4806,0,0,0,0,0
4807,1,1,1,1,1
4808,0,0,0,0,0
4809,0,0,0,0,0
4810,0,0,0,0,0
4811,0,0,0,0,0
4812,0,0,0,0,0
4813,1,1,1,1,1
4814,1,1,1,1,1
4815,0,0,0,0,0
4816,1,1,1,1,0
4817,1,1,1,1,1
4818,0,0,0,0,0
4819,0,0,0,0,0
4820,0,0,0,0,0
4821,1,1,1,1,1
4822,1,1,1,1,1
4823,1,1,1,1,1
4824,1,1,1,1,1
4825,1,1,1,1,1
4826,1,1,1,1,1
4827,1,1,1,1,1
4828,1,1,1,1,1
4829,1,1,1,1,1
4830,0,0,0,0,0
4831,1,1,1,1,1
4832,1,1,1,1,1
4833,0,0,0,0,0
4834,0,0,0,0,0
4835,1,1,1,1,0
4836,0,1,1,1,0
4837,1,1,1,1,1
4838,0,0,0,0,0
4839,0,0,0,0,0
4840,1,1,1,1,1
4841,0,0,0,0,0
4842,1,1,1,1,1
4843,1,1,1,1,1
4844,1,1,1,1,1
4845,1,1,1,1,1
4846,0,0,0,0,0
4847,1,1,1,1,1
4848,1,1,1,1,1
4849,0,0,0,0,0
4850,1,1,1,1,1
4851,1,1,1,1,1
4852,0,0,0,0,0
4853,1,1,1,1,0
4854,0,0,0,0,0
4855,0,0,0,0,0
4856,0,0,0,0,0
4857,0,0,0,0,0
4858,0,0,0,0,0
4859,0,0,0,0,0
4860,1,1,1,1,1
4861,0,0,0,0,0
4862,0,0,0,0,0
4863,0,0,0,0,0
4864,1,1,1,1,1
4865,0,0,0,0,0
4866,1,1,1,1,1
4867,0,0,0,0,0
4868,1,1,1,1,1
4869,1,1,1,1,1
4870,0,0,0,0,0
4871,1,1,1,1,0
4872,0,0,0,0,0
4873,0,0,0,0,0
4874,0,0,0,0,0
4875,0,0,0,0,0
4876,1,1,1,1,1
4877,1,1,1,1,0
4878,1,1,1,1,0
4879,1,1,1,1,1
4880,0,0,0,0,0
4881,0,0,0,0,0
4882,0,0,0,0,0
4883,0,0,0,0,0
4884,1,1,1,1,1
4885,0,0,0,0,0
4886,1,1,1,1,1
4887,0,0,0,0,0
4888,1,1,1,1,1
4889,0,0,0,0,0
4890,1,1,1,1,1
4891,0,0,0,0,0
4892,0,0,0,0,0
4893,1,1,1,1,1
4894,1,1,1,1,1
4895,0,0,0,0,0
4896,1,1,1,1,1
4897,1,1,1,1,1
4898,0,0,0,0,0
4899,1,1,1,1,1
4900,1,1,1,1,1
4901,0,0,0,0,0
4902,1,1,1,1,1
4903,0,0,0,0,0
4904,1,1,1,1,1
4905,1,1,1,1,1
4906,0,0,0,0,0
4907,1,1,1,1,1
4908,0,0,0,0,0
4909,0,0,0,0,0
4910,1,1,1,1,1
4911,1,1,1,1,1
4912,0,0,0,0,0
4913,0,0,0,0,0
4914,1,1,1,1,1
4915,1,1,1,1,1
4916,0,0,0,0,0
4917,1,1,1,1,1
4918,1,1,1,1,1
4919,0,0,0,0,0
4920,1,1,1,1,1
4921,1,1,1,1,1
4922,1,1,1,1,1
4923,1,1,1,1,1
4924,0,0,0,0,0
4925,0,0,0,0,0
4926,0,0,0,0,0
4927,0,0,0,0,0
4928,0,0,0,0,0
4929,0,0,0,0,0
4930,1,1,1,1,1
4931,1,1,1,1,1
4932,0,0,0,0,0
4933,1,1,1,1,1
4934,0,0,0,0,0
4935,0,0,0,0,0
4936,0,0,0,0,0
4937,1,1,1,1,1
4938,0,0,0,0,0
4939,0,0,0,0,0
4940,0,0,0,0,0
4941,0,0,0,0,0
4942,1,1,1,1,1
4943,1,1,1,1,1
4944,0,0,0,0,0
4945,0,0,0,0,0
4946,1,1,1,1,1
4947,1,1,1,1,1
4948,0,0,0,0,0
4949,0,0,0,0,0
4950,0,0,0,0,0
4951,0,0,0,0,0
4952,0,0,0,0,0
4953,1,1,1,1,1
4954,0,0,0,0,0
4955,0,0,0,0,0
4956,1,1,1,1,0
4957,0,0,0,0,0
4958,0,0,0,0,0
4959,1,1,1,1,1
4960,0,0,0,0,0
4961,0,0,0,0,0
4962,0,0,0,0,0
4963,1,1,1,1,1
4964,1,1,1,1,0
4965,1,1,1,1,1
4966,0,0,0,0,0
4967,0,0,0,0,0
4968,1,1,1,1,1
4969,1,1,1,1,1
4970,0,0,0,0,0
4971,1,1,1,1,1
4972,0,0,0,0,0
4973,0,0,0,0,0
4974,0,0,0,0,0
4975,0,0,0,0,0
4976,1,1,1,1,1
4977,1,1,1,1,1
4978,1,1,1,1,1
4979,0,0,0,0,0
4980,1,1,1,1,1
4981,1,1,1,1,1
4982,1,1,1,1,1
4983,1,1,1,1,1
4984,0,0,0,0,0
4985,1,1,1,1,1
4986,1,1,1,1,1
4987,1,1,1,1,1
4988,0,0,0,0,0
4989,1,1,1,1,1
4990,0,0,0,0,0
4991,0,0,0,0,0
4992,1,1,1,1,1
4993,0,0,0,0,0
4994,1,1,1,1,1
4995,0,0,0,0,0
4996,0,0,0,0,0
4997,1,1,1,1,1
4998,1,1,1,1,1
4999,1,1,1,1,0
5000,1,1,1,1,1
5001,1,1,1,1,1
5002,1,1,1,1,1
5003,0,0,0,0,0
5004,0,0,0,0,0
5005,0,0,0,0,0
5006,1,1,1,1,0
5007,0,0,0,0,0
5008,1,1,1,1,0
5009,1,1,1,1,1
5010,0,0,0,0,0
5011,0,0,0,0,0
5012,1,1,1,1,1
5013,1,1,1,1,1
5014,0,0,0,0,0
5015,0,0,0,0,0
5016,0,0,0,0,0
5017,0,0,0,0,0
5018,0,0,0,0,0
5019,0,0,0,0,0
5020,1,1,1,1,1
5021,1,1,1,1,0
5022,1,1,1,1,0
5023,0,0,0,0,0
5024,1,1,1,1,1
5025,0,0,0,0,0
5026,0,0,0,0,0
5027,1,1,1,1,1
5028,1,1,1,1,1
5029,1,1,1,1,1
5030,0,0,0,0,0
5031,1,1,1,1,1
5032,0,0,0,0,0
5033,1,1,1,1,1
5034,0,0,0,0,0
5035,0,0,0,0,0
5036,0,0,0,0,0
5037,1,1,1,1,1
5038,0,0,0,0,0
5039,0,0,0,0,0
5040,1,1,1,1,1
5041,0,0,0,0,0
5042,1,1,1,1,1
5043,1,1,1,1,1
5044,1,1,1,1,0
5045,1,1,1,1,1
5046,1,1,1,1,1
5047,1,1,1,1,0
5048,0,0,0,0,0
5049,0,0,0,0,0
5050,1,1,1,1,1
5051,0,0,0,0,0
5052,1,1,1,1,1
5053,1,1,1,1,1
5054,1,1,1,1,1
5055,0,0,0,0,0
5056,0,0,0,0,0
5057,0,0,0,0,0
5058,0,0,0,0,0
5059,1,1,1,1,1
5060,1,1,1,1,1
5061,0,0,0,0,0
5062,1,1,1,1,1
5063,1,1,1,1,1
5064,1,1,1,1,1
5065,1,1,1,1,1
5066,1,1,1,1,1
5067,0,0,0,0,0
5068,0,0,0,0,0
5069,0,0,0,0,0
5070,1,1,1,1,0
5071,1,1,1,1,0
5072,1,1,1,1,1
5073,0,0,0,0,0
5074,0,0,0,0,0
5075,1,1,1,1,1
5076,1,1,1,1,1
5077,1,1,1,1,1
5078,0,0,0,0,0
5079,0,0,0,0,0
5080,0,0,0,0,0
5081,0,0,0,0,0
5082,1,1,1,1,1
5083,1,1,1,1,0
5084,0,0,0,0,0
5085,0,0,0,0,0
5086,0,0,0,0,0
5087,1,1,1,1,0
5088,1,1,1,1,1
5089,1,1,1,1,0
5090,0,0,0,0,0
5091,0,0,0,0,0
5092,0,0,0,0,0
5093,1,1,1,1,0
5094,0,0,0,0,0
5095,0,0,0,0,0
5096,1,1,1,1,1
5097,1,1,1,1,1
5098,1,1,1,1,1
5099,0,0,0,0,0
5100,1,1,1,1,0
5101,0,0,0,0,0
5102,1,1,1,1,1
5103,1,1,1,1,1
5104,0,0,0,0,0
5105,1,1,1,1,1
5106,1,1,1,1,1
5107,1,1,1,1,1
5108,1,1,1,1,1
5109,0,0,0,0,0
5110,0,0,0,0,0
5111,0,0,0,0,0
5112,0,0,0,0,0
5113,0,0,0,0,0
5114,1,1,1,1,1
5115,0,0,0,0,0
5116,1,1,1,1,1
5117,0,0,0,0,0
5118,0,0,0,0,0
5119,1,1,1,1,1
5120,1,1,1,1,1
5121,0,0,0,0,0
5122,1,1,1,1,1
5123,0,0,0,0,0
5124,0,0,0,0,0
5125,0,0,1,1,0
5126,1,1,1,1,1
5127,0,0,0,0,0
5128,0,0,0,0,0
5129,1,1,1,1,1
5130,0,0,0,0,0
5131,1,1,1,1,1
5132,1,1,1,1,1
5133,1,1,1,1,1
5134,1,1,1,1,1
5135,0,0,0,0,0
5136,0,0,0,0,0
5137,1,1,1,1,1
5138,0,0,0,0,0
5139,0,0,0,0,0
5140,1,1,1,1,1
5141,1,1,1,1,1
5142,0,0,0,0,0
5143,0,0,0,0,0
5144,0,0,0,0,0
5145,0,0,0,0,0
5146,1,1,1,1,0
5147,0,0,0,0,0
5148,1,1,1,1,1
5149,0,0,0,0,0
5150,1,1,1,1,1
5151,0,0,0,0,0
5152,0,0,0,0,0
5153,1,1,1,1,1
5154,0,0,0,0,0
5155,0,0,0,0,0
5156,0,0,0,0,0
5157,1,1,1,1,1
5158,1,1,1,1,1
5159,0,0,0,0,0
5160,0,0,0,0,0
5161,1,1,1,1,1
5162,0,0,0,0,0
5163,0,0,0,0,0
5164,1,1,1,1,0
5165,1,1,1,1,1
5166,1,1,1,1,1
5167,0,0,0,0,0
5168,0,0,0,0,0
5169,1,1,1,1,1
5170,1,1,1,1,1
5171,1,1,1,1,1
5172,0,0,0,0,0
5173,1,1,1,1,1
5174,0,0,0,0,0
5175,0,0,0,0,0
5176,0,0,0,0,0
5177,1,1,1,1,1
5178,1,1,1,1,1
5179,1,1,1,1,1
5180,0,0,0,0,0
5181,0,0,0,0,0
5182,1,1,1,1,1
5183,1,1,1,1,1
5184,1,1,1,1,1
5185,0,0,0,0,0
5186,0,0,0,0,0
5187,1,1,1,1,1
5188,1,1,1,1,1
5189,1,1,1,1,0
5190,1,1,1,1,1
5191,0,0,0,0,0
5192,1,1,1,1,1
5193,0,0,0,0,0
5194,0,1,1,0,1
5195,1,1,1,1,1
5196,1,1,1,1,1
5197,1,1,1,1,1
5198,1,1,1,1,0
5199,1,1,1,1,1
5200,0,0,0,0,0
5201,0,0,0,0,0
5202,1,1,1,1,1
5203,0,0,0,0,0
5204,1,0,1,1,0
5205,1,1,1,1,1
5206,0,0,0,0,0
5207,1,1,1,1,1
5208,0,0,0,0,0
5209,0,0,0,0,0
5210,1,1,1,1,0
5211,0,0,0,0,0
5212,0,0,0,0,0
5213,0,0,0,0,0
5214,0,0,0,0,0
5215,0,0,0,0,0
5216,0,0,0,0,0
5217,1,1,1,1,1
5218,0,0,0,0,0
5219,0,0,0,0,0
5220,1,1,1,1,1
5221,0,0,0,0,0
5222,1,1,1,1,1
5223,0,0,0,0,0
5224,0,0,0,0,0
5225,0,0,0,0,0
5226,0,0,0,0,0
5227,0,0,0,0,0
5228,1,1,1,1,1
5229,1,1,1,1,1
5230,1,1,1,1,1
5231,0,0,0,0,0
5232,0,0,0,0,0
5233,0,0,0,0,0
5234,1,1,1,1,1
5235,1,1,1,1,1
5236,1,1,1,1,1
5237,0,0,0,0,0
5238,0,0,0,0,0
5239,0,0,0,0,0
5240,1,1,1,1,0
5241,0,0,0,0,0
5242,1,1,1,1,1
5243,0,0,0,0,0
5244,1,1,1,1,1
5245,0,0,0,0,0
5246,1,1,1,1,1
5247,1,1,1,1,1
5248,0,0,0,0,0
5249,0,0,0,0,0
5250,1,1,1,1,1
5251,0,0,0,0,0
5252,1,1,1,1,1
5253,1,1,1,1,1
5254,1,1,1,1,1
5255,0,0,0,0,0
5256,0,0,0,0,0
5257,1,1,1,1,1
5258,1,1,1,1,1
5259,1,1,1,1,1
5260,0,0,0,0,0
5261,0,0,0,0,0
5262,1,1,1,1,1
5263,1,0,0,0,0
5264,1,1,1,1,0
5265,1,1,1,1,1
5266,0,0,0,0,0
5267,1,1,1,1,0
5268,1,1,1,1,1
5269,0,0,0,0,0
5270,1,1,1,1,1
5271,1,1,1,1,1
5272,0,0,0,0,0
5273,0,0,0,0,0
5274,1,1,1,1,0
5275,1,1,1,1,1
5276,0,0,0,0,0
5277,1,1,1,1,1
5278,1,1,1,1,1
5279,1,1,1,1,0
5280,0,0,0,0,0
5281,0,0,0,0,0
5282,1,1,1,1,1
5283,0,0,0,0,0
5284,0,0,0,0,0
5285,1,1,1,1,1
5286,0,0,0,0,0
5287,1,1,1,1,1
5288,0,0,0,0,0
5289,0,0,0,0,0
5290,0,0,0,0,0
5291,1,1,1,1,1
5292,0,0,0,0,0
5293,1,1,1,1,1
5294,0,0,0,0,0
5295,0,0,0,0,0
5296,1,1,1,1,0
5297,0,0,0,0,0
5298,0,0,0,0,0
5299,0,0,0,0,0
5300,0,0,0,0,0
5301,1,1,1,1,1
5302,0,0,0,0,0
5303,0,0,0,0,0
5304,0,0,0,0,0
5305,1,1,1,1,1
5306,1,1,1,1,1
5307,1,1,1,1,1
5308,1,1,1,1,1
5309,1,1,1,1,1
5310,1,1,1,1,1
5311,0,0,0,0,0
5312,1,1,1,1,1
5313,0,0,0,0,0
5314,0,0,0,0,0
5315,0,0,0,0,0
5316,0,0,0,0,0
5317,1,1,1,1,1
5318,1,1,1,1,1
5319,0,0,0,0,0
5320,0,0,0,0,0
5321,1,1,1,1,1
5322,1,1,1,1,1
5323,1,1,1,1,0
5324,1,1,1,1,1
5325,0,0,0,0,0
5326,1,1,1,1,1
5327,1,1,1,1,1
5328,0,0,0,0,0
5329,0,0,0,0,0
5330,0,1,1,0,0
5331,1,1,1,1,1
5332,0,0,0,0,0
5333,1,1,1,1,1
5334,1,1,1,1,1
5335,0,0,0,0,0
5336,1,1,1,1,1
5337,0,0,0,0,0
5338,1,1,1,1,1
5339,0,0,0,0,0
5340,1,1,1,1,1
5341,0,1,1,1,0
5342,1,1,1,1,1
5343,1,1,1,1,1
5344,1,1,1,1,1
5345,0,0,0,0,0
5346,0,0,0,0,0
5347,1,1,1,1,1
5348,0,0,0,0,0
5349,1,1,1,1,1
5350,1,1,1,1,1
5351,0,0,0,0,0
5352,1,1,1,1,1
5353,0,0,0,0,0
5354,1,0,1,1,0
5355,0,0,0,0,0
5356,1,1,1,1,1
5357,0,0,0,0,0
5358,1,1,1,1,0
5359,0,0,0,0,0
5360,1,1,1,1,1
5361,0,0,0,0,0
5362,1,1,1,1,1
5363,1,1,1,1,1
5364,1,1,1,1,1
5365,0,0,0,0,0
5366,0,0,0,0,0
5367,1,1,1,1,1
5368,1,1,1,1,1
5369,1,1,1,1,1
5370,1,1,1,1,0
5371,1,1,1,1,1
5372,1,1,1,1,0
5373,1,1,1,1,1
5374,0,0,0,0,0
5375,0,0,0,0,0
5376,1,1,1,1,1
5377,0,0,0,0,0
5378,1,1,1,1,1
5379,1,1,1,1,1
5380,1,1,1,1,1
5381,0,0,0,0,0
5382,0,0,0,0,0
5383,1,1,1,1,1
5384,0,0,0,0,0
5385,0,0,0,0,0
5386,0,0,0,0,0
5387,0,0,0,0,0
5388,1,1,1,1,1
5389,0,0,0,0,0
5390,1,1,1,1,1
5391,1,1,1,1,1
5392,1,1,1,1,1
5393,1,1,1,1,1
5394,0,0,0,0,0
5395,1,1,1,1,1
5396,0,0,0,0,0
5397,0,0,0,0,0
5398,0,0,0,0,0
5399,1,1,1,1,1
5400,1,1,1,1,1
5401,1,1,1,1,0
5402,1,1,1,1,1
5403,0,0,0,0,0
5404,1,1,1,1,1
5405,1,1,1,1,1
5406,1,1,1,1,1
5407,0,0,0,0,0
5408,1,1,1,1,1
5409,0,0,0,0,0
5410,0,0,0,0,0
5411,0,0,0,0,0
5412,0,0,0,0,0
5413,1,1,1,1,1
5414,0,0,0,0,0
5415,0,0,0,0,0
5416,0,0,0,0,0
5417,0,0,0,0,0
5418,1,1,1,1,1
5419,1,1,1,1,1
5420,1,1,1,1,1
5421,0,0,0,0,0
5422,1,1,1,1,1
5423,0,0,0,0,0
5424,1,1,1,1,1
5425,1,1,1,1,1
5426,0,0,0,0,0
5427,0,0,0,0,0
5428,1,1,1,1,0
5429,0,0,0,0,0
5430,0,0,0,0,0
5431,1,1,1,1,1
5432,0,0,0,0,0
5433,0,0,0,0,0
5434,0,0,0,0,0
5435,1,1,1,1,1
5436,0,0,0,0,0
5437,0,0,0,0,0
5438,1,1,1,1,1
5439,1,1,1,1,1
5440,1,1,1,1,1
5441,0,0,0,0,0
5442,1,1,1,1,1
5443,1,1,1,1,1
5444,0,0,0,0,0
5445,0,0,0,0,0
5446,1,1,1,1,1
5447,0,0,0,0,0
5448,1,1,1,1,0
5449,0,0,0,0,0
5450,0,0,0,0,0
5451,1,1,1,1,1
5452,0,0,0,0,0
5453,1,1,1,1,1
5454,1,1,1,1,1
5455,0,0,0,0,0
5456,1,1,1,1,1
5457,0,0,0,0,0
5458,0,0,0,0,0
5459,0,0,0,0,0
5460,1,1,1,1,1
5461,1,1,1,1,1
5462,0,0,0,0,0
5463,0,0,0,0,0
5464,1,1,1,1,1
5465,0,0,0,0,0
5466,1,1,1,1,1
5467,1,1,1,1,1
5468,1,1,1,1,1
5469,1,1,1,1,1
5470,1,1,1,1,1
5471,1,1,1,1,1
5472,0,0,0,0,0
5473,1,1,1,1,1
5474,1,1,1,1,1
5475,0,0,0,0,0
5476,0,0,0,0,0
5477,1,1,1,1,1
5478,1,1,1,1,1
5479,1,1,1,1,1
5480,0,0,0,0,0
5481,1,1,1,1,1
5482,1,1,1,1,0
5483,1,1,1,1,1
5484,1,1,1,1,1
5485,1,1,1,1,1
5486,0,0,0,0,0
5487,0,0,0,0,0
5488,1,1,1,1,1
5489,1,1,1,1,1
5490,0,0,0,0,0
5491,1,1,1,1,0
5492,1,1,1,1,1
5493,0,0,0,0,0
5494,0,0,0,0,0
5495,0,0,0,0,0
5496,0,0,0,0,0
5497,0,0,0,0,0
5498,0,0,1,0,0
5499,0,0,0,0,0
5500,1,1,1,1,1
5501,1,1,1,1,1
5502,0,0,0,0,0
5503,0,0,0,0,0
5504,0,0,0,0,0
5505,1,1,1,1,1
5506,0,0,0,0,0
5507,0,0,0,0,0
5508,0,0,0,0,0
5509,1,1,1,1,1
5510,1,1,1,1,1
5511,1,1,1,1,1
5512,1,1,1,1,1
5513,1,1,1,1,1
5514,1,1,1,1,1
5515,1,1,1,1,1
5516,0,0,0,0,0
5517,1,1,1,1,1
5518,0,0,0,0,0
5519,1,1,1,1,1
5520,0,0,0,0,0
5521,0,0,0,0,0
5522,0,0,0,0,0
5523,1,1,1,1,1
5524,0,0,0,0,0
5525,0,0,0,0,0
5526,0,0,0,0,0
5527,1,1,1,1,0
5528,1,1,1,1,1
5529,1,1,1,1,1
5530,1,1,1,1,1
5531,0,0,0,0,0
5532,1,1,1,1,1
5533,0,0,0,0,0
5534,0,0,0,0,0
5535,1,1,1,1,1
5536,0,0,0,0,0
5537,1,1,1,1,1
5538,1,1,1,1,1
5539,0,0,0,0,0
5540,0,0,0,0,0
5541,0,0,0,0,0
5542,1,1,1,1,1
5543,1,1,1,1,1
5544,1,1,1,1,1
5545,1,1,1,1,1
5546,1,1,1,1,1
5547,1,1,1,1,1
5548,1,1,1,1,1
5549,1,1,1,1,1
5550,0,0,0,0,0
5551,0,0,0,0,0
5552,1,1,1,1,1
5553,0,0,0,0,0
5554,1,1,1,1,1
5555,1,1,1,1,0
5556,1,1,1,1,0
5557,0,0,0,0,0
5558,0,0,0,0,0
5559,0,0,0,0,0
5560,0,0,0,0,0
5561,1,1,1,1,1
5562,1,1,1,1,1
5563,0,0,0,0,0
5564,0,0,0,0,0
5565,0,0,0,0,0
5566,1,1,1,1,1
5567,1,1,1,1,1
5568,0,0,0,0,0
5569,0,0,0,0,0
5570,1,1,1,1,1
5571,0,0,0,0,0
5572,0,0,0,0,0
5573,0,0,0,0,0
5574,0,0,0,0,0
5575,0,0,0,0,0
5576,0,0,0,0,0
5577,1,1,1,1,1
5578,1,1,1,1,1
5579,1,1,1,1,1
5580,1,1,1,1,1
5581,0,0,0,0,0
5582,0,0,0,0,0
5583,0,0,0,0,0
5584,0,0,0,0,0
5585,0,0,0,0,0
5586,1,1,1,1,1
5587,1,1,1,1,1
5588,0,0,0,0,0
5589,1,1,1,1,1
5590,1,1,1,1,1
5591,1,1,1,1,1
5592,0,0,0,0,0
5593,1,1,1,1,1
5594,1,1,1,1,1
5595,1,1,1,1,1
5596,1,1,1,1,1
5597,0,0,0,0,0
5598,0,0,0,0,0
5599,1,1,1,1,1
5600,0,0,0,0,0
5601,0,0,0,0,0
5602,0,0,0,0,0
5603,0,0,0,0,0
5604,0,0,0,0,0
5605,1,1,1,1,1
5606,1,1,1,1,1
5607,1,1,1,1,1
5608,0,0,0,0,0
5609,0,0,0,0,0
5610,0,0,0,0,0
5611,0,0,0,0,0
5612,0,0,0,0,0
5613,1,1,1,1,0
5614,1,1,1,1,1
5615,1,1,1,1,1
5616,0,0,0,0,0
5617,1,1,1,1,1
5618,0,0,0,0,0
5619,1,1,1,1,1
5620,0,0,0,0,0
5621,1,1,1,1,0
5622,1,1,1,1,1
5623,1,1,1,1,1
5624,0,0,0,0,0
5625,1,1,1,1,0
5626,1,1,1,1,0
5627,0,0,0,0,0
5628,0,0,0,0,0
5629,0,0,0,0,0
5630,0,0,0,0,0
5631,1,1,1,1,0
5632,0,0,0,0,0
5633,0,0,0,0,0
5634,0,0,0,0,0
5635,0,0,0,0,0
5636,1,1,1,1,1
5637,1,1,1,1,1
5638,1,1,1,1,0
5639,0,0,0,0,0
5640,1,1,1,1,0
5641,0,0,0,0,0
5642,0,0,0,0,0
5643,1,1,1,1,1
5644,1,1,1,1,0
5645,1,1,1,1,1
5646,1,1,1,1,1
5647,0,0,0,0,0
5648,1,1,1,1,1
5649,1,1,1,1,1
5650,1,1,1,1,1
5651,1,1,1,1,0
5652,1,1,1,1,1
5653,1,1,1,1,0
5654,1,1,1,1,1
5655,1,1,1,1,1
5656,0,0,0,0,0
5657,1,1,1,1,1
5658,0,0,0,0,0
5659,1,1,1,1,1
5660,1,1,1,1,1
5661,1,1,1,1,1
5662,1,1,1,1,0
5663,1,1,1,1,1
5664,1,1,1,1,1
5665,0,0,0,0,0
5666,1,1,1,1,1
5667,0,0,0,0,0
5668,1,1,1,1,1
5669,1,1,1,1,1
5670,0,0,0,0,0
5671,1,1,1,1,1
5672,1,1,1,1,1
5673,0,0,0,0,0
5674,1,1,1,1,1
5675,1,1,1,1,1
5676,1,1,1,1,1
5677,1,1,1,1,0
5678,1,1,1,1,1
5679,0,0,0,0,0
5680,0,0,0,0,0
5681,1,1,1,1,1
5682,1,1,1,1,1
5683,1,1,1,1,1
5684,0,0,0,0,0
5685,0,0,0,0,0
5686,1,1,1,1,1
5687,1,1,1,1,1
5688,0,0,0,0,0
5689,0,0,0,0,0
5690,1,1,1,1,0
5691,0,0,0,0,0
5692,1,1,1,1,1
5693,1,1,1,1,1
5694,0,0,0,0,0
5695,0,0,0,0,0
5696,0,0,0,0,0
