n_features,mean_fit_time,std_fit_time,mean_score_time,std_score_time,param_criterion,param_n_estimators,params,split0_test_score,mean_test_score,std_test_score,rank_test_score
26,1.8484489917755127,0.0,0.06200408935546875,0.0,gini,100,"{'criterion': 'gini', 'n_estimators': 100}",0.9623831267666885,0.9623831267666885,0.0,6
26,3.672964096069336,0.0,0.11800384521484375,0.0,gini,200,"{'criterion': 'gini', 'n_estimators': 200}",0.9626411815812337,0.9626411815812337,0.0,5
26,6.817431688308716,0.0,0.1979992389678955,0.0,gini,400,"{'criterion': 'gini', 'n_estimators': 400}",0.9632528810611003,0.9632528810611003,0.0,1
26,9.377426862716675,0.0,0.2720029354095459,0.0,gini,600,"{'criterion': 'gini', 'n_estimators': 600}",0.9628503150119487,0.9628503150119487,0.0,2
26,12.164428949356079,0.0,0.3530008792877197,0.0,gini,800,"{'criterion': 'gini', 'n_estimators': 800}",0.9628503150119487,0.9628503150119487,0.0,2
26,14.905068397521973,0.0,0.44100141525268555,0.0,gini,1000,"{'criterion': 'gini', 'n_estimators': 1000}",0.9628341664855466,0.9628341664855466,0.0,4
26,1.9765887260437012,0.0,0.06837701797485352,0.0,entropy,100,"{'criterion': 'entropy', 'n_estimators': 100}",0.9613715277777778,0.9613715277777778,0.0,11
26,3.7129647731781006,0.0,0.10199880599975586,0.0,entropy,200,"{'criterion': 'entropy', 'n_estimators': 200}",0.960763060914806,0.960763060914806,0.0,12
26,7.041430950164795,0.0,0.18899989128112793,0.0,entropy,400,"{'criterion': 'entropy', 'n_estimators': 400}",0.9616301755907218,0.9616301755907218,0.0,9
26,9.799431800842285,0.0,0.2590019702911377,0.0,entropy,600,"{'criterion': 'entropy', 'n_estimators': 600}",0.9615968756780214,0.9615968756780214,0.0,10
26,12.717429161071777,0.0,0.34199976921081543,0.0,entropy,800,"{'criterion': 'entropy', 'n_estimators': 800}",0.9622559652928416,0.9622559652928416,0.0,7
26,15.543066263198853,0.0,0.42400026321411133,0.0,entropy,1000,"{'criterion': 'entropy', 'n_estimators': 1000}",0.961822125813449,0.961822125813449,0.0,8
25,1.8954870700836182,0.0,0.06000113487243652,0.0,gini,100,"{'criterion': 'gini', 'n_estimators': 100}",0.9621409921671018,0.9621409921671018,0.0,11
25,3.6344873905181885,0.0,0.09600543975830078,0.0,gini,200,"{'criterion': 'gini', 'n_estimators': 200}",0.9619482496194826,0.9619482496194826,0.0,12
25,6.578232049942017,0.0,0.18000078201293945,0.0,gini,400,"{'criterion': 'gini', 'n_estimators': 400}",0.963671959973896,0.963671959973896,0.0,2
25,9.662641763687134,0.0,0.2661314010620117,0.0,gini,600,"{'criterion': 'gini', 'n_estimators': 600}",0.96280182727866,0.96280182727866,0.0,9
25,12.14877200126648,0.0,0.34599924087524414,0.0,gini,800,"{'criterion': 'gini', 'n_estimators': 800}",0.9630434782608696,0.9630434782608696,0.0,5
25,15.363771915435791,0.0,0.43145012855529785,0.0,gini,1000,"{'criterion': 'gini', 'n_estimators': 1000}",0.962624945675793,0.962624945675793,0.0,10
25,1.9274892807006836,0.0,0.05499887466430664,0.0,entropy,100,"{'criterion': 'entropy', 'n_estimators': 100}",0.9628664495114007,0.9628664495114007,0.0,7
25,3.7134909629821777,0.0,0.10099673271179199,0.0,entropy,200,"{'criterion': 'entropy', 'n_estimators': 200}",0.9632848142515751,0.9632848142515751,0.0,4
25,6.944232225418091,0.0,0.1784060001373291,0.0,entropy,400,"{'criterion': 'entropy', 'n_estimators': 400}",0.9637193134912012,0.9637193134912012,0.0,1
25,9.549635887145996,0.0,0.26613402366638184,0.0,entropy,600,"{'criterion': 'entropy', 'n_estimators': 600}",0.9633166919904492,0.9633166919904492,0.0,3
25,12.951769590377808,0.0,0.3410003185272217,0.0,entropy,800,"{'criterion': 'entropy', 'n_estimators': 800}",0.9628664495114007,0.9628664495114007,0.0,7
25,15.19776201248169,0.0,0.42800021171569824,0.0,entropy,1000,"{'criterion': 'entropy', 'n_estimators': 1000}",0.9628825700021707,0.9628825700021707,0.0,6
24,1.6630001068115234,0.0,0.06300067901611328,0.0,gini,100,"{'criterion': 'gini', 'n_estimators': 100}",0.9619978284473398,0.9619978284473398,0.0,1
24,3.1489980220794678,0.0,0.11301374435424805,0.0,gini,200,"{'criterion': 'gini', 'n_estimators': 200}",0.9609544468546638,0.9609544468546638,0.0,11
24,5.870996952056885,0.0,0.1959998607635498,0.0,gini,400,"{'criterion': 'gini', 'n_estimators': 400}",0.9616135328562134,0.9616135328562134,0.0,4
24,8.37299633026123,0.0,0.2869987487792969,0.0,gini,600,"{'criterion': 'gini', 'n_estimators': 600}",0.9611629420698634,0.9611629420698634,0.0,9
24,10.742998838424683,0.0,0.3690018653869629,0.0,gini,800,"{'criterion': 'gini', 'n_estimators': 800}",0.9613882863340564,0.9613882863340564,0.0,8
24,13.022818088531494,0.0,0.4531998634338379,0.0,gini,1000,"{'criterion': 'gini', 'n_estimators': 1000}",0.9615968756780214,0.9615968756780214,0.0,5
24,1.683997392654419,0.0,0.061998844146728516,0.0,entropy,100,"{'criterion': 'entropy', 'n_estimators': 100}",0.9618386816999132,0.9618386816999132,0.0,3
24,3.3090028762817383,0.0,0.11699318885803223,0.0,entropy,200,"{'criterion': 'entropy', 'n_estimators': 200}",0.9603466955579631,0.9603466955579631,0.0,12
24,5.997995138168335,0.0,0.2010021209716797,0.0,entropy,400,"{'criterion': 'entropy', 'n_estimators': 400}",0.9610220874837591,0.9610220874837591,0.0,10
24,8.565001249313354,0.0,0.27599668502807617,0.0,entropy,600,"{'criterion': 'entropy', 'n_estimators': 600}",0.9614384748700173,0.9614384748700173,0.0,6
24,11.158995628356934,0.0,0.3540010452270508,0.0,entropy,800,"{'criterion': 'entropy', 'n_estimators': 800}",0.9614050303555941,0.9614050303555941,0.0,7
24,13.417641639709473,0.0,0.4493730068206787,0.0,entropy,1000,"{'criterion': 'entropy', 'n_estimators': 1000}",0.9618717504332756,0.9618717504332756,0.0,2
23,1.7002794742584229,0.0,0.0610041618347168,0.0,gini,100,"{'criterion': 'gini', 'n_estimators': 100}",0.962448448013892,0.962448448013892,0.0,4
23,3.1617655754089355,0.0,0.10799932479858398,0.0,gini,200,"{'criterion': 'gini', 'n_estimators': 200}",0.9617723718505647,0.9617723718505647,0.0,8
23,5.814906120300293,0.0,0.2030022144317627,0.0,gini,400,"{'criterion': 'gini', 'n_estimators': 400}",0.9622231871471993,0.9622231871471993,0.0,7
23,8.455909013748169,0.0,0.28099799156188965,0.0,gini,600,"{'criterion': 'gini', 'n_estimators': 600}",0.962448448013892,0.962448448013892,0.0,4
23,10.694118022918701,0.0,0.359999418258667,0.0,gini,800,"{'criterion': 'gini', 'n_estimators': 800}",0.9628825700021707,0.9628825700021707,0.0,1
23,13.182624340057373,0.0,0.4467008113861084,0.0,gini,1000,"{'criterion': 'gini', 'n_estimators': 1000}",0.9626574033868868,0.9626574033868868,0.0,2
23,1.7023506164550781,0.0,0.058001041412353516,0.0,entropy,100,"{'criterion': 'entropy', 'n_estimators': 100}",0.9624972902666378,0.9624972902666378,0.0,3
23,3.4030535221099854,0.0,0.09400010108947754,0.0,entropy,200,"{'criterion': 'entropy', 'n_estimators': 200}",0.9611966182527639,0.9611966182527639,0.0,12
23,6.21690821647644,0.0,0.19499969482421875,0.0,entropy,400,"{'criterion': 'entropy', 'n_estimators': 400}",0.961646803900325,0.961646803900325,0.0,9
23,8.971907377243042,0.0,0.2650001049041748,0.0,entropy,600,"{'criterion': 'entropy', 'n_estimators': 600}",0.9616301755907218,0.9616301755907218,0.0,11
23,11.317902088165283,0.0,0.3470015525817871,0.0,entropy,800,"{'criterion': 'entropy', 'n_estimators': 800}",0.9622723330442323,0.9622723330442323,0.0,6
23,13.689320802688599,0.0,0.4393284320831299,0.0,entropy,1000,"{'criterion': 'entropy', 'n_estimators': 1000}",0.961646803900325,0.961646803900325,0.0,9
22,1.6380012035369873,0.0,0.06199979782104492,0.0,gini,100,"{'criterion': 'gini', 'n_estimators': 100}",0.9626411815812337,0.9626411815812337,0.0,4
22,3.3039989471435547,0.0,0.11000370979309082,0.0,gini,200,"{'criterion': 'gini', 'n_estimators': 200}",0.9628503150119487,0.9628503150119487,0.0,3
22,5.932000398635864,0.0,0.19299745559692383,0.0,gini,400,"{'criterion': 'gini', 'n_estimators': 400}",0.9626411815812337,0.9626411815812337,0.0,4
22,8.465566158294678,0.0,0.3014562129974365,0.0,gini,600,"{'criterion': 'gini', 'n_estimators': 600}",0.9626411815812337,0.9626411815812337,0.0,4
22,10.941023588180542,0.0,0.356001615524292,0.0,gini,800,"{'criterion': 'gini', 'n_estimators': 800}",0.9630595393307259,0.9630595393307259,0.0,2
22,13.261344909667969,0.0,0.44488048553466797,0.0,gini,1000,"{'criterion': 'gini', 'n_estimators': 1000}",0.9632688545968268,0.9632688545968268,0.0,1
22,1.7620031833648682,0.0,0.05399680137634277,0.0,entropy,100,"{'criterion': 'entropy', 'n_estimators': 100}",0.9609882964889467,0.9609882964889467,0.0,12
22,3.3180007934570312,0.0,0.09299850463867188,0.0,entropy,200,"{'criterion': 'entropy', 'n_estimators': 200}",0.9618386816999132,0.9618386816999132,0.0,7
22,6.15899920463562,0.0,0.18400311470031738,0.0,entropy,400,"{'criterion': 'entropy', 'n_estimators': 400}",0.9618386816999132,0.9618386816999132,0.0,7
22,8.743006467819214,0.0,0.2590000629425049,0.0,entropy,600,"{'criterion': 'entropy', 'n_estimators': 600}",0.9618055555555555,0.9618055555555555,0.0,10
22,11.315011739730835,0.0,0.34400129318237305,0.0,entropy,800,"{'criterion': 'entropy', 'n_estimators': 800}",0.9615968756780214,0.9615968756780214,0.0,11
22,13.62821364402771,0.0,0.4281013011932373,0.0,entropy,1000,"{'criterion': 'entropy', 'n_estimators': 1000}",0.961822125813449,0.961822125813449,0.0,9
21,1.7049970626831055,0.0,0.05800223350524902,0.0,gini,100,"{'criterion': 'gini', 'n_estimators': 100}",0.9624158157723225,0.9624158157723225,0.0,3
21,3.1409993171691895,0.0,0.1139981746673584,0.0,gini,200,"{'criterion': 'gini', 'n_estimators': 200}",0.9631076388888887,0.9631076388888887,0.0,1
21,5.988177537918091,0.0,0.20000028610229492,0.0,gini,400,"{'criterion': 'gini', 'n_estimators': 400}",0.9615968756780214,0.9615968756780214,0.0,9
21,8.335178136825562,0.0,0.26799964904785156,0.0,gini,600,"{'criterion': 'gini', 'n_estimators': 600}",0.9619978284473398,0.9619978284473398,0.0,6
21,10.788180351257324,0.0,0.4179973602294922,0.0,gini,800,"{'criterion': 'gini', 'n_estimators': 800}",0.9617889709075119,0.9617889709075119,0.0,7
21,13.417615413665771,0.0,0.43524932861328125,0.0,gini,1000,"{'criterion': 'gini', 'n_estimators': 1000}",0.9622067767158993,0.9622067767158993,0.0,4
21,1.7629992961883545,0.0,0.05399894714355469,0.0,entropy,100,"{'criterion': 'entropy', 'n_estimators': 100}",0.9609544468546638,0.9609544468546638,0.0,12
21,3.48099684715271,0.0,0.11400222778320312,0.0,entropy,200,"{'criterion': 'entropy', 'n_estimators': 200}",0.9617889709075119,0.9617889709075119,0.0,7
21,6.037176609039307,0.0,0.18900203704833984,0.0,entropy,400,"{'criterion': 'entropy', 'n_estimators': 400}",0.9620308092861792,0.9620308092861792,0.0,5
21,8.936177492141724,0.0,0.25999999046325684,0.0,entropy,600,"{'criterion': 'entropy', 'n_estimators': 600}",0.9613882863340564,0.9613882863340564,0.0,11
21,11.2731773853302,0.0,0.34200048446655273,0.0,entropy,800,"{'criterion': 'entropy', 'n_estimators': 800}",0.9615802040373345,0.9615802040373345,0.0,10
21,13.669651746749878,0.0,0.42931270599365234,0.0,entropy,1000,"{'criterion': 'entropy', 'n_estimators': 1000}",0.962464742894337,0.962464742894337,0.0,2
20,1.6474683284759521,0.0,0.0599973201751709,0.0,gini,100,"{'criterion': 'gini', 'n_estimators': 100}",0.9634623749456285,0.9634623749456285,0.0,4
20,3.2234649658203125,0.0,0.11200094223022461,0.0,gini,200,"{'criterion': 'gini', 'n_estimators': 200}",0.9625435540069687,0.9625435540069687,0.0,9
20,5.890466690063477,0.0,0.18699860572814941,0.0,gini,400,"{'criterion': 'gini', 'n_estimators': 400}",0.9636561479869424,0.9636561479869424,0.0,3
20,8.485596418380737,0.0,0.26999902725219727,0.0,gini,600,"{'criterion': 'gini', 'n_estimators': 600}",0.963881636205396,0.963881636205396,0.0,2
20,10.908595323562622,0.0,0.4010000228881836,0.0,gini,800,"{'criterion': 'gini', 'n_estimators': 800}",0.9638973466724663,0.9638973466724663,0.0,1
20,13.227595329284668,0.0,0.43000006675720215,0.0,gini,1000,"{'criterion': 'gini', 'n_estimators': 1000}",0.963236893626278,0.963236893626278,0.0,5
20,1.7394559383392334,0.0,0.0559999942779541,0.0,entropy,100,"{'criterion': 'entropy', 'n_estimators': 100}",0.962608695652174,0.962608695652174,0.0,8
20,3.315467357635498,0.0,0.10899877548217773,0.0,entropy,200,"{'criterion': 'entropy', 'n_estimators': 200}",0.962624945675793,0.962624945675793,0.0,7
20,6.314465284347534,0.0,0.1750025749206543,0.0,entropy,400,"{'criterion': 'entropy', 'n_estimators': 400}",0.962448448013892,0.962448448013892,0.0,10
20,8.717595338821411,0.0,0.2609999179840088,0.0,entropy,600,"{'criterion': 'entropy', 'n_estimators': 600}",0.9617889709075119,0.9617889709075119,0.0,12
20,11.3126060962677,0.0,0.33899903297424316,0.0,entropy,800,"{'criterion': 'entropy', 'n_estimators': 800}",0.9622231871471993,0.9622231871471993,0.0,11
20,13.669598817825317,0.0,0.4290018081665039,0.0,entropy,1000,"{'criterion': 'entropy', 'n_estimators': 1000}",0.9626411815812337,0.9626411815812337,0.0,6
19,1.5874266624450684,0.0,0.05499768257141113,0.0,gini,100,"{'criterion': 'gini', 'n_estimators': 100}",0.9616891597736179,0.9616891597736179,0.0,12
19,3.1264243125915527,0.0,0.0989992618560791,0.0,gini,200,"{'criterion': 'gini', 'n_estimators': 200}",0.9619482496194826,0.9619482496194826,0.0,11
19,6.069904327392578,0.0,0.21000289916992188,0.0,gini,400,"{'criterion': 'gini', 'n_estimators': 400}",0.963236893626278,0.963236893626278,0.0,2
19,8.490903854370117,0.0,0.26400256156921387,0.0,gini,600,"{'criterion': 'gini', 'n_estimators': 600}",0.9634623749456285,0.9634623749456285,0.0,1
19,10.831902503967285,0.0,0.34599971771240234,0.0,gini,800,"{'criterion': 'gini', 'n_estimators': 800}",0.9630113141862491,0.9630113141862491,0.0,4
19,13.256354570388794,0.0,0.4213540554046631,0.0,gini,1000,"{'criterion': 'gini', 'n_estimators': 1000}",0.9627856365614799,0.9627856365614799,0.0,6
19,1.7024242877960205,0.0,0.05100440979003906,0.0,entropy,100,"{'criterion': 'entropy', 'n_estimators': 100}",0.9628503150119487,0.9628503150119487,0.0,5
19,3.3564233779907227,0.0,0.08900070190429688,0.0,entropy,200,"{'criterion': 'entropy', 'n_estimators': 200}",0.9624321389793703,0.9624321389793703,0.0,10
19,6.22890567779541,0.0,0.18799877166748047,0.0,entropy,400,"{'criterion': 'entropy', 'n_estimators': 400}",0.9630595393307259,0.9630595393307259,0.0,3
19,8.894901990890503,0.0,0.2700002193450928,0.0,entropy,600,"{'criterion': 'entropy', 'n_estimators': 600}",0.962448448013892,0.962448448013892,0.0,8
19,11.084902048110962,0.0,0.3399999141693115,0.0,entropy,800,"{'criterion': 'entropy', 'n_estimators': 800}",0.9626574033868868,0.9626574033868868,0.0,7
19,13.585551023483276,0.0,0.4333796501159668,0.0,entropy,1000,"{'criterion': 'entropy', 'n_estimators': 1000}",0.962448448013892,0.962448448013892,0.0,8
18,1.5989997386932373,0.0,0.06099748611450195,0.0,gini,100,"{'criterion': 'gini', 'n_estimators': 100}",0.9638973466724663,0.9638973466724663,0.0,4
18,3.1680026054382324,0.0,0.11099672317504883,0.0,gini,200,"{'criterion': 'gini', 'n_estimators': 200}",0.9634623749456285,0.9634623749456285,0.0,8
18,5.7229979038238525,0.0,0.17799901962280273,0.0,gini,400,"{'criterion': 'gini', 'n_estimators': 400}",0.9628503150119487,0.9628503150119487,0.0,11
18,8.299449920654297,0.0,0.2639939785003662,0.0,gini,600,"{'criterion': 'gini', 'n_estimators': 600}",0.9636877582083062,0.9636877582083062,0.0,7
18,10.891093730926514,0.0,0.3469963073730469,0.0,gini,800,"{'criterion': 'gini', 'n_estimators': 800}",0.9634623749456285,0.9634623749456285,0.0,8
18,13.224090099334717,0.0,0.42600035667419434,0.0,gini,1000,"{'criterion': 'gini', 'n_estimators': 1000}",0.9632528810611003,0.9632528810611003,0.0,10
18,1.6370036602020264,0.0,0.057997703552246094,0.0,entropy,100,"{'criterion': 'entropy', 'n_estimators': 100}",0.9627856365614799,0.9627856365614799,0.0,12
18,3.172001838684082,0.0,0.11099934577941895,0.0,entropy,200,"{'criterion': 'entropy', 'n_estimators': 200}",0.964107026321514,0.964107026321514,0.0,3
18,5.966000080108643,0.0,0.1794419288635254,0.0,entropy,400,"{'criterion': 'entropy', 'n_estimators': 400}",0.9641382308193871,0.9641382308193871,0.0,1
18,8.754428625106812,0.0,0.3151729106903076,0.0,entropy,600,"{'criterion': 'entropy', 'n_estimators': 600}",0.9641382308193871,0.9641382308193871,0.0,1
18,11.12707781791687,0.0,0.33299946784973145,0.0,entropy,800,"{'criterion': 'entropy', 'n_estimators': 800}",0.9637193134912012,0.9637193134912012,0.0,6
18,13.584078311920166,0.0,0.4270000457763672,0.0,entropy,1000,"{'criterion': 'entropy', 'n_estimators': 1000}",0.9637350705754614,0.9637350705754614,0.0,5
17,1.5279741287231445,0.0,0.05814838409423828,0.0,gini,100,"{'criterion': 'gini', 'n_estimators': 100}",0.9647058823529411,0.9647058823529411,0.0,5
17,3.067124843597412,0.0,0.1119990348815918,0.0,gini,200,"{'criterion': 'gini', 'n_estimators': 200}",0.9642857142857144,0.9642857142857144,0.0,9
17,5.878124237060547,0.0,0.20099806785583496,0.0,gini,400,"{'criterion': 'gini', 'n_estimators': 400}",0.963834422657952,0.963834422657952,0.0,11
17,8.300121068954468,0.0,0.2800021171569824,0.0,gini,600,"{'criterion': 'gini', 'n_estimators': 600}",0.9649466579577618,0.9649466579577618,0.0,1
17,10.634121656417847,0.0,0.3410022258758545,0.0,gini,800,"{'criterion': 'gini', 'n_estimators': 800}",0.9647366129734436,0.9647366129734436,0.0,4
17,13.01424264907837,0.0,0.43259191513061523,0.0,gini,1000,"{'criterion': 'gini', 'n_estimators': 1000}",0.9643012625163256,0.9643012625163256,0.0,8
17,1.6811225414276123,0.0,0.05499982833862305,0.0,entropy,100,"{'criterion': 'entropy', 'n_estimators': 100}",0.962624945675793,0.962624945675793,0.0,12
17,3.169123888015747,0.0,0.09599781036376953,0.0,entropy,200,"{'criterion': 'entropy', 'n_estimators': 200}",0.9641382308193871,0.9641382308193871,0.0,10
17,5.89912223815918,0.0,0.17800021171569824,0.0,entropy,400,"{'criterion': 'entropy', 'n_estimators': 400}",0.964332318399304,0.964332318399304,0.0,7
17,8.50112247467041,0.0,0.26999902725219727,0.0,entropy,600,"{'criterion': 'entropy', 'n_estimators': 600}",0.9647672901261418,0.9647672901261418,0.0,2
17,10.793119668960571,0.0,0.336000919342041,0.0,entropy,800,"{'criterion': 'entropy', 'n_estimators': 800}",0.9647519582245431,0.9647519582245431,0.0,3
17,13.23747992515564,0.0,0.4219503402709961,0.0,entropy,1000,"{'criterion': 'entropy', 'n_estimators': 1000}",0.964542092669132,0.964542092669132,0.0,6
16,1.5343894958496094,0.0,0.05800223350524902,0.0,gini,100,"{'criterion': 'gini', 'n_estimators': 100}",0.9640914036996736,0.9640914036996736,0.0,9
16,3.1443917751312256,0.0,0.0879976749420166,0.0,gini,200,"{'criterion': 'gini', 'n_estimators': 200}",0.9638659120592076,0.9638659120592076,0.0,11
16,5.759390115737915,0.0,0.21799945831298828,0.0,gini,400,"{'criterion': 'gini', 'n_estimators': 400}",0.9644957525593553,0.9644957525593553,0.0,6
16,8.268390417098999,0.0,0.2629983425140381,0.0,gini,600,"{'criterion': 'gini', 'n_estimators': 600}",0.9651416122004358,0.9651416122004358,0.0,3
16,10.559388637542725,0.0,0.33899974822998047,0.0,gini,800,"{'criterion': 'gini', 'n_estimators': 800}",0.9647058823529411,0.9647058823529411,0.0,5
16,12.99738883972168,0.0,0.4300837516784668,0.0,gini,1000,"{'criterion': 'gini', 'n_estimators': 1000}",0.964916103726302,0.964916103726302,0.0,4
16,1.6393885612487793,0.0,0.05200362205505371,0.0,entropy,100,"{'criterion': 'entropy', 'n_estimators': 100}",0.964332318399304,0.964332318399304,0.0,7
16,3.079390525817871,0.0,0.09100341796875,0.0,entropy,200,"{'criterion': 'entropy', 'n_estimators': 200}",0.963928726640591,0.963928726640591,0.0,10
16,5.89339280128479,0.0,0.1869966983795166,0.0,entropy,400,"{'criterion': 'entropy', 'n_estimators': 400}",0.9636877582083062,0.9636877582083062,0.0,12
16,8.226390600204468,0.0,0.2539989948272705,0.0,entropy,600,"{'criterion': 'entropy', 'n_estimators': 600}",0.9641226353555121,0.9641226353555121,0.0,8
16,10.832388639450073,0.0,0.3340001106262207,0.0,entropy,800,"{'criterion': 'entropy', 'n_estimators': 800}",0.9651871192341166,0.9651871192341166,0.0,2
16,13.065388441085815,0.0,0.4260866641998291,0.0,entropy,1000,"{'criterion': 'entropy', 'n_estimators': 1000}",0.9656372335798173,0.9656372335798173,0.0,1
15,1.3370006084442139,0.0,0.04999828338623047,0.0,gini,100,"{'criterion': 'gini', 'n_estimators': 100}",0.9636561479869424,0.9636561479869424,0.0,6
15,2.708477020263672,0.0,0.11699867248535156,0.0,gini,200,"{'criterion': 'gini', 'n_estimators': 200}",0.9649619151251361,0.9649619151251361,0.0,1
15,5.039474010467529,0.0,0.18700289726257324,0.0,gini,400,"{'criterion': 'gini', 'n_estimators': 400}",0.9649466579577618,0.9649466579577618,0.0,2
15,7.21547532081604,0.0,0.26900529861450195,0.0,gini,600,"{'criterion': 'gini', 'n_estimators': 600}",0.9647519582245431,0.9647519582245431,0.0,3
15,9.210621356964111,0.0,0.35700201988220215,0.0,gini,800,"{'criterion': 'gini', 'n_estimators': 800}",0.9643012625163256,0.9643012625163256,0.0,4
15,11.46564793586731,0.0,0.43593764305114746,0.0,gini,1000,"{'criterion': 'gini', 'n_estimators': 1000}",0.964107026321514,0.964107026321514,0.0,5
15,1.512000322341919,0.0,0.05647444725036621,0.0,entropy,100,"{'criterion': 'entropy', 'n_estimators': 100}",0.9632848142515751,0.9632848142515751,0.0,7
15,2.7424776554107666,0.0,0.11400032043457031,0.0,entropy,200,"{'criterion': 'entropy', 'n_estimators': 200}",0.9628825700021707,0.9628825700021707,0.0,8
15,5.186477184295654,0.0,0.1770014762878418,0.0,entropy,400,"{'criterion': 'entropy', 'n_estimators': 400}",0.962448448013892,0.962448448013892,0.0,11
15,7.319475412368774,0.0,0.26000285148620605,0.0,entropy,600,"{'criterion': 'entropy', 'n_estimators': 600}",0.962673611111111,0.962673611111111,0.0,9
15,9.659617185592651,0.0,0.33699941635131836,0.0,entropy,800,"{'criterion': 'entropy', 'n_estimators': 800}",0.9620472782476686,0.9620472782476686,0.0,12
15,11.578646421432495,0.0,0.42293548583984375,0.0,entropy,1000,"{'criterion': 'entropy', 'n_estimators': 1000}",0.962464742894337,0.962464742894337,0.0,10
14,1.4179997444152832,0.0,0.05900096893310547,0.0,gini,100,"{'criterion': 'gini', 'n_estimators': 100}",0.9625598606878537,0.9625598606878537,0.0,12
14,2.7751924991607666,0.0,0.1120002269744873,0.0,gini,200,"{'criterion': 'gini', 'n_estimators': 200}",0.9640914036996736,0.9640914036996736,0.0,2
14,5.220133066177368,0.0,0.18699955940246582,0.0,gini,400,"{'criterion': 'gini', 'n_estimators': 400}",0.963204876986719,0.963204876986719,0.0,10
14,7.443635940551758,0.0,0.2609999179840088,0.0,gini,600,"{'criterion': 'gini', 'n_estimators': 600}",0.9632208922742111,0.9632208922742111,0.0,9
14,9.52263593673706,0.0,0.3450007438659668,0.0,gini,800,"{'criterion': 'gini', 'n_estimators': 800}",0.963236893626278,0.963236893626278,0.0,8
14,11.715636014938354,0.0,0.4249997138977051,0.0,gini,1000,"{'criterion': 'gini', 'n_estimators': 1000}",0.9634305616020896,0.9634305616020896,0.0,4
14,1.441999912261963,0.0,0.05699968338012695,0.0,entropy,100,"{'criterion': 'entropy', 'n_estimators': 100}",0.9628341664855466,0.9628341664855466,0.0,11
14,3.027193546295166,0.0,0.09499931335449219,0.0,entropy,200,"{'criterion': 'entropy', 'n_estimators': 200}",0.9632848142515751,0.9632848142515751,0.0,5
14,5.292133569717407,0.0,0.17599868774414062,0.0,entropy,400,"{'criterion': 'entropy', 'n_estimators': 400}",0.9632848142515751,0.9632848142515751,0.0,5
14,7.475621461868286,0.0,0.2570016384124756,0.0,entropy,600,"{'criterion': 'entropy', 'n_estimators': 600}",0.9641538127308277,0.9641538127308277,0.0,1
14,9.765625,0.0,0.3410003185272217,0.0,entropy,800,"{'criterion': 'entropy', 'n_estimators': 800}",0.963928726640591,0.963928726640591,0.0,3
14,12.060621738433838,0.0,0.42225027084350586,0.0,entropy,1000,"{'criterion': 'entropy', 'n_estimators': 1000}",0.9632688545968268,0.9632688545968268,0.0,7
13,1.4639992713928223,0.0,0.04999804496765137,0.0,gini,100,"{'criterion': 'gini', 'n_estimators': 100}",0.9625598606878537,0.9625598606878537,0.0,12
13,2.6959967613220215,0.0,0.1120004653930664,0.0,gini,200,"{'criterion': 'gini', 'n_estimators': 200}",0.9634464751958225,0.9634464751958225,0.0,10
13,5.483882665634155,0.0,0.2049999237060547,0.0,gini,400,"{'criterion': 'gini', 'n_estimators': 400}",0.963881636205396,0.963881636205396,0.0,5
13,7.658338785171509,0.0,0.3210010528564453,0.0,gini,600,"{'criterion': 'gini', 'n_estimators': 600}",0.9643167972149695,0.9643167972149695,0.0,3
13,10.146353960037231,0.0,0.3409848213195801,0.0,gini,800,"{'criterion': 'gini', 'n_estimators': 800}",0.9645266594124048,0.9645266594124048,0.0,1
13,12.131341457366943,0.0,0.42299962043762207,0.0,gini,1000,"{'criterion': 'gini', 'n_estimators': 1000}",0.9643167972149695,0.9643167972149695,0.0,3
13,1.5659973621368408,0.0,0.04899954795837402,0.0,entropy,100,"{'criterion': 'entropy', 'n_estimators': 100}",0.9635416666666666,0.9635416666666666,0.0,8
13,2.9359967708587646,0.0,0.08900189399719238,0.0,entropy,200,"{'criterion': 'entropy', 'n_estimators': 200}",0.9637193134912012,0.9637193134912012,0.0,6
13,5.6108856201171875,0.0,0.18799901008605957,0.0,entropy,400,"{'criterion': 'entropy', 'n_estimators': 400}",0.9635258358662613,0.9635258358662613,0.0,9
13,7.887339115142822,0.0,0.2539997100830078,0.0,entropy,600,"{'criterion': 'entropy', 'n_estimators': 600}",0.9630755864465681,0.9630755864465681,0.0,11
13,10.50433897972107,0.0,0.3469998836517334,0.0,entropy,800,"{'criterion': 'entropy', 'n_estimators': 800}",0.9637193134912012,0.9637193134912012,0.0,6
13,12.348339319229126,0.0,0.42299938201904297,0.0,entropy,1000,"{'criterion': 'entropy', 'n_estimators': 1000}",0.9643633202955236,0.9643633202955236,0.0,2
12,1.412999153137207,0.0,0.05900096893310547,0.0,gini,100,"{'criterion': 'gini', 'n_estimators': 100}",0.9638659120592076,0.9638659120592076,0.0,8
12,2.8319971561431885,0.0,0.10099983215332031,0.0,gini,200,"{'criterion': 'gini', 'n_estimators': 200}",0.9642701525054466,0.9642701525054466,0.0,4
12,5.3499977588653564,0.0,0.2089991569519043,0.0,gini,400,"{'criterion': 'gini', 'n_estimators': 400}",0.9645266594124048,0.9645266594124048,0.0,2
12,7.494997024536133,0.0,0.2579996585845947,0.0,gini,600,"{'criterion': 'gini', 'n_estimators': 600}",0.964511212715001,0.964511212715001,0.0,3
12,9.666996717453003,0.0,0.3399999141693115,0.0,gini,800,"{'criterion': 'gini', 'n_estimators': 800}",0.9647366129734436,0.9647366129734436,0.0,1
12,11.792996406555176,0.0,0.4380054473876953,0.0,gini,1000,"{'criterion': 'gini', 'n_estimators': 1000}",0.9640757674722403,0.9640757674722403,0.0,5
12,1.5529968738555908,0.0,0.0559999942779541,0.0,entropy,100,"{'criterion': 'entropy', 'n_estimators': 100}",0.9636086293310089,0.9636086293310089,0.0,11
12,2.933997869491577,0.0,0.08799886703491211,0.0,entropy,200,"{'criterion': 'entropy', 'n_estimators': 200}",0.9636403222294797,0.9636403222294797,0.0,10
12,5.460996627807617,0.0,0.18100380897521973,0.0,entropy,400,"{'criterion': 'entropy', 'n_estimators': 400}",0.9634305616020896,0.9634305616020896,0.0,12
12,7.709997653961182,0.0,0.2519991397857666,0.0,entropy,600,"{'criterion': 'entropy', 'n_estimators': 600}",0.963671959973896,0.963671959973896,0.0,9
12,10.160988569259644,0.0,0.3410000801086426,0.0,entropy,800,"{'criterion': 'entropy', 'n_estimators': 800}",0.963881636205396,0.963881636205396,0.0,7
12,12.22098445892334,0.0,0.42852210998535156,0.0,entropy,1000,"{'criterion': 'entropy', 'n_estimators': 1000}",0.9638973466724663,0.9638973466724663,0.0,6
11,1.475999355316162,0.0,0.0500030517578125,0.0,gini,100,"{'criterion': 'gini', 'n_estimators': 100}",0.9633667684256433,0.9633667684256433,0.0,12
11,2.9125969409942627,0.0,0.10399961471557617,0.0,gini,200,"{'criterion': 'gini', 'n_estimators': 200}",0.9634146341463414,0.9634146341463414,0.0,11
11,5.327342987060547,0.0,0.21799802780151367,0.0,gini,400,"{'criterion': 'gini', 'n_estimators': 400}",0.9638659120592076,0.9638659120592076,0.0,6
11,8.001341104507446,0.0,0.25644707679748535,0.0,gini,600,"{'criterion': 'gini', 'n_estimators': 600}",0.9643012625163256,0.9643012625163256,0.0,3
11,10.106792449951172,0.0,0.3419978618621826,0.0,gini,800,"{'criterion': 'gini', 'n_estimators': 800}",0.9636561479869424,0.9636561479869424,0.0,9
11,12.233610391616821,0.0,0.43088674545288086,0.0,gini,1000,"{'criterion': 'gini', 'n_estimators': 1000}",0.9640757674722403,0.9640757674722403,0.0,5
11,1.5430045127868652,0.0,0.048996686935424805,0.0,entropy,100,"{'criterion': 'entropy', 'n_estimators': 100}",0.9651567944250871,0.9651567944250871,0.0,1
11,2.9215967655181885,0.0,0.10300183296203613,0.0,entropy,200,"{'criterion': 'entropy', 'n_estimators': 200}",0.9638659120592076,0.9638659120592076,0.0,6
11,5.526343107223511,0.0,0.171004056930542,0.0,entropy,400,"{'criterion': 'entropy', 'n_estimators': 400}",0.963671959973896,0.963671959973896,0.0,8
11,7.987340927124023,0.0,0.2514476776123047,0.0,entropy,600,"{'criterion': 'entropy', 'n_estimators': 600}",0.9636561479869424,0.9636561479869424,0.0,9
11,10.472785949707031,0.0,0.332000732421875,0.0,entropy,800,"{'criterion': 'entropy', 'n_estimators': 800}",0.964332318399304,0.964332318399304,0.0,2
11,12.43675184249878,0.0,0.43247532844543457,0.0,entropy,1000,"{'criterion': 'entropy', 'n_estimators': 1000}",0.9641226353555121,0.9641226353555121,0.0,4
10,1.594003677368164,0.0,0.05699777603149414,0.0,gini,100,"{'criterion': 'gini', 'n_estimators': 100}",0.9640130861504908,0.9640130861504908,0.0,9
10,3.078603982925415,0.0,0.10300230979919434,0.0,gini,200,"{'criterion': 'gini', 'n_estimators': 200}",0.9639973816277547,0.9639973816277547,0.0,10
10,5.597603797912598,0.0,0.17600226402282715,0.0,gini,400,"{'criterion': 'gini', 'n_estimators': 400}",0.9640287769784173,0.9640287769784173,0.0,7
10,8.074604988098145,0.0,0.2609987258911133,0.0,gini,600,"{'criterion': 'gini', 'n_estimators': 600}",0.9640287769784173,0.9640287769784173,0.0,7
10,10.33601188659668,0.0,0.33699965476989746,0.0,gini,800,"{'criterion': 'gini', 'n_estimators': 800}",0.9642389882250327,0.9642389882250327,0.0,4
10,12.522011280059814,0.0,0.42599964141845703,0.0,gini,1000,"{'criterion': 'gini', 'n_estimators': 1000}",0.964254577157803,0.964254577157803,0.0,3
10,1.600001573562622,0.0,0.05399894714355469,0.0,entropy,100,"{'criterion': 'entropy', 'n_estimators': 100}",0.962624945675793,0.962624945675793,0.0,12
10,3.0396032333374023,0.0,0.09600377082824707,0.0,entropy,200,"{'criterion': 'entropy', 'n_estimators': 200}",0.9638659120592076,0.9638659120592076,0.0,11
10,5.7616050243377686,0.0,0.16600251197814941,0.0,entropy,400,"{'criterion': 'entropy', 'n_estimators': 400}",0.9640601176214333,0.9640601176214333,0.0,5
10,8.198604822158813,0.0,0.2440016269683838,0.0,entropy,600,"{'criterion': 'entropy', 'n_estimators': 600}",0.9640601176214333,0.9640601176214333,0.0,5
10,10.441011667251587,0.0,0.31800270080566406,0.0,entropy,800,"{'criterion': 'entropy', 'n_estimators': 800}",0.964480278927871,0.964480278927871,0.0,1
10,12.690006256103516,0.0,0.4030001163482666,0.0,entropy,1000,"{'criterion': 'entropy', 'n_estimators': 1000}",0.964480278927871,0.964480278927871,0.0,1
9,1.5169970989227295,0.0,0.054003000259399414,0.0,gini,100,"{'criterion': 'gini', 'n_estimators': 100}",0.9628982976865997,0.9628982976865997,0.0,12
9,3.050999164581299,0.0,0.09299826622009277,0.0,gini,200,"{'criterion': 'gini', 'n_estimators': 200}",0.9648701723761727,0.9648701723761727,0.0,3
9,5.499997138977051,0.0,0.17799997329711914,0.0,gini,400,"{'criterion': 'gini', 'n_estimators': 400}",0.9646904969485615,0.9646904969485615,0.0,7
9,7.898463249206543,0.0,0.24699997901916504,0.0,gini,600,"{'criterion': 'gini', 'n_estimators': 600}",0.9649008066274254,0.9649008066274254,0.0,2
9,10.296463966369629,0.0,0.32500123977661133,0.0,gini,800,"{'criterion': 'gini', 'n_estimators': 800}",0.9644492911668483,0.9644492911668483,0.0,9
9,12.711294174194336,0.0,0.4218161106109619,0.0,gini,1000,"{'criterion': 'gini', 'n_estimators': 1000}",0.9646750981247275,0.9646750981247275,0.0,8
9,1.571000099182129,0.0,0.05099892616271973,0.0,entropy,100,"{'criterion': 'entropy', 'n_estimators': 100}",0.9647058823529411,0.9647058823529411,0.0,5
9,2.92899751663208,0.0,0.09800219535827637,0.0,entropy,200,"{'criterion': 'entropy', 'n_estimators': 200}",0.9640601176214333,0.9640601176214333,0.0,10
9,5.775000095367432,0.0,0.160996675491333,0.0,entropy,400,"{'criterion': 'entropy', 'n_estimators': 400}",0.9647212543554007,0.9647212543554007,0.0,4
9,8.012464046478271,0.0,0.23299932479858398,0.0,entropy,600,"{'criterion': 'entropy', 'n_estimators': 600}",0.9649313874972774,0.9649313874972774,0.0,1
9,10.42245626449585,0.0,0.3080017566680908,0.0,entropy,800,"{'criterion': 'entropy', 'n_estimators': 800}",0.9647058823529411,0.9647058823529411,0.0,5
9,12.773294448852539,0.0,0.38381314277648926,0.0,entropy,1000,"{'criterion': 'entropy', 'n_estimators': 1000}",0.9640444541294401,0.9640444541294401,0.0,11
8,1.2542431354522705,0.0,0.057000160217285156,0.0,gini,100,"{'criterion': 'gini', 'n_estimators': 100}",0.963204876986719,0.963204876986719,0.0,3
8,2.393601655960083,0.0,0.10700082778930664,0.0,gini,200,"{'criterion': 'gini', 'n_estimators': 200}",0.9634305616020896,0.9634305616020896,0.0,2
8,4.479079484939575,0.0,0.178999662399292,0.0,gini,400,"{'criterion': 'gini', 'n_estimators': 400}",0.9629952111449717,0.9629952111449717,0.0,8
8,6.2530837059021,0.0,0.2569999694824219,0.0,gini,600,"{'criterion': 'gini', 'n_estimators': 600}",0.9636403222294797,0.9636403222294797,0.0,1
8,8.35107970237732,0.0,0.33907008171081543,0.0,gini,800,"{'criterion': 'gini', 'n_estimators': 800}",0.9625598606878537,0.9625598606878537,0.0,12
8,10.065149545669556,0.0,0.42299938201904297,0.0,gini,1000,"{'criterion': 'gini', 'n_estimators': 1000}",0.9630113141862491,0.9630113141862491,0.0,6
8,1.3212494850158691,0.0,0.04999709129333496,0.0,entropy,100,"{'criterion': 'entropy', 'n_estimators': 100}",0.963204876986719,0.963204876986719,0.0,3
8,2.5595998764038086,0.0,0.10500144958496094,0.0,entropy,200,"{'criterion': 'entropy', 'n_estimators': 200}",0.962979094076655,0.962979094076655,0.0,9
8,4.669079780578613,0.0,0.1680002212524414,0.0,entropy,400,"{'criterion': 'entropy', 'n_estimators': 400}",0.9630113141862491,0.9630113141862491,0.0,6
8,6.669079780578613,0.0,0.24900007247924805,0.0,entropy,600,"{'criterion': 'entropy', 'n_estimators': 600}",0.9630434782608696,0.9630434782608696,0.0,5
8,8.536084175109863,0.0,0.33406877517700195,0.0,entropy,800,"{'criterion': 'entropy', 'n_estimators': 800}",0.96280182727866,0.96280182727866,0.0,10
8,10.721152544021606,0.0,0.42848825454711914,0.0,entropy,1000,"{'criterion': 'entropy', 'n_estimators': 1000}",0.96280182727866,0.96280182727866,0.0,10
7,1.2449977397918701,0.0,0.053999900817871094,0.0,gini,100,"{'criterion': 'gini', 'n_estimators': 100}",0.9644492911668483,0.9644492911668483,0.0,6
7,2.343879222869873,0.0,0.10900139808654785,0.0,gini,200,"{'criterion': 'gini', 'n_estimators': 200}",0.9638186573670444,0.9638186573670444,0.0,12
7,4.629877328872681,0.0,0.18200135231018066,0.0,gini,400,"{'criterion': 'gini', 'n_estimators': 400}",0.9640444541294401,0.9640444541294401,0.0,10
7,6.569999933242798,0.0,0.2579987049102783,0.0,gini,600,"{'criterion': 'gini', 'n_estimators': 600}",0.9640601176214333,0.9640601176214333,0.0,9
7,8.024998426437378,0.0,0.34000205993652344,0.0,gini,800,"{'criterion': 'gini', 'n_estimators': 800}",0.96512641673932,0.96512641673932,0.0,1
7,9.985998392105103,0.0,0.42999982833862305,0.0,gini,1000,"{'criterion': 'gini', 'n_estimators': 1000}",0.964480278927871,0.964480278927871,0.0,4
7,1.2240023612976074,0.0,0.05299711227416992,0.0,entropy,100,"{'criterion': 'entropy', 'n_estimators': 100}",0.9643167972149695,0.9643167972149695,0.0,7
7,2.477876663208008,0.0,0.10400009155273438,0.0,entropy,200,"{'criterion': 'entropy', 'n_estimators': 200}",0.964480278927871,0.964480278927871,0.0,4
7,4.460876941680908,0.0,0.19200372695922852,0.0,entropy,400,"{'criterion': 'entropy', 'n_estimators': 400}",0.9647058823529411,0.9647058823529411,0.0,2
7,6.569999933242798,0.0,0.2499997615814209,0.0,entropy,600,"{'criterion': 'entropy', 'n_estimators': 600}",0.9644957525593553,0.9644957525593553,0.0,3
7,8.756998300552368,0.0,0.41100001335144043,0.0,entropy,800,"{'criterion': 'entropy', 'n_estimators': 800}",0.9640444541294401,0.9640444541294401,0.0,10
7,10.937096118927002,0.0,0.4361433982849121,0.0,entropy,1000,"{'criterion': 'entropy', 'n_estimators': 1000}",0.9642701525054466,0.9642701525054466,0.0,8
6,1.1900007724761963,0.0,0.05699753761291504,0.0,gini,100,"{'criterion': 'gini', 'n_estimators': 100}",0.9628982976865997,0.9628982976865997,0.0,7
6,2.2855188846588135,0.0,0.09199953079223633,0.0,gini,200,"{'criterion': 'gini', 'n_estimators': 200}",0.962736979734147,0.962736979734147,0.0,9
6,4.388904333114624,0.0,0.17399978637695312,0.0,gini,400,"{'criterion': 'gini', 'n_estimators': 400}",0.9629306585259486,0.9629306585259486,0.0,5
6,6.138904333114624,0.0,0.2574610710144043,0.0,gini,600,"{'criterion': 'gini', 'n_estimators': 600}",0.9624945486262538,0.9624945486262538,0.0,11
6,8.009363412857056,0.0,0.3409996032714844,0.0,gini,800,"{'criterion': 'gini', 'n_estimators': 800}",0.9627207325049052,0.9627207325049052,0.0,10
6,9.762364387512207,0.0,0.42897844314575195,0.0,gini,1000,"{'criterion': 'gini', 'n_estimators': 1000}",0.9629306585259486,0.9629306585259486,0.0,5
6,1.2090003490447998,0.0,0.05299854278564453,0.0,entropy,100,"{'criterion': 'entropy', 'n_estimators': 100}",0.9628982976865997,0.9628982976865997,0.0,7
6,2.316518545150757,0.0,0.09299802780151367,0.0,entropy,200,"{'criterion': 'entropy', 'n_estimators': 200}",0.963802878325338,0.963802878325338,0.0,1
6,4.47490382194519,0.0,0.1660008430480957,0.0,entropy,400,"{'criterion': 'entropy', 'n_estimators': 400}",0.9623011549357158,0.9623011549357158,0.0,12
6,6.308365106582642,0.0,0.24399971961975098,0.0,entropy,600,"{'criterion': 'entropy', 'n_estimators': 600}",0.9631567473294094,0.9631567473294094,0.0,3
6,8.0863618850708,0.0,0.35699987411499023,0.0,entropy,800,"{'criterion': 'entropy', 'n_estimators': 800}",0.9629629629629629,0.9629629629629629,0.0,4
6,9.99833059310913,0.0,0.42923641204833984,0.0,entropy,1000,"{'criterion': 'entropy', 'n_estimators': 1000}",0.9631728045325779,0.9631728045325779,0.0,2
5,1.116999864578247,0.0,0.055002689361572266,0.0,gini,100,"{'criterion': 'gini', 'n_estimators': 100}",0.9630762508193139,0.9630762508193139,0.0,3
5,2.1840009689331055,0.0,0.09299969673156738,0.0,gini,200,"{'criterion': 'gini', 'n_estimators': 200}",0.9628496503496504,0.9628496503496504,0.0,6
5,4.186999559402466,0.0,0.17499971389770508,0.0,gini,400,"{'criterion': 'gini', 'n_estimators': 400}",0.9632867132867133,0.9632867132867133,0.0,1
5,6.0855278968811035,0.0,0.2500004768371582,0.0,gini,600,"{'criterion': 'gini', 'n_estimators': 600}",0.9630439536409361,0.9630439536409361,0.0,5
5,7.913382291793823,0.0,0.33208131790161133,0.0,gini,800,"{'criterion': 'gini', 'n_estimators': 800}",0.9625902428352657,0.9625902428352657,0.0,11
5,9.785780906677246,0.0,0.43216967582702637,0.0,gini,1000,"{'criterion': 'gini', 'n_estimators': 1000}",0.963254593175853,0.963254593175853,0.0,2
5,1.1579971313476562,0.0,0.04999899864196777,0.0,entropy,100,"{'criterion': 'entropy', 'n_estimators': 100}",0.9628496503496504,0.9628496503496504,0.0,6
5,2.3439979553222656,0.0,0.08500289916992188,0.0,entropy,200,"{'criterion': 'entropy', 'n_estimators': 200}",0.9624125874125874,0.9624125874125874,0.0,12
5,4.340999603271484,0.0,0.18200039863586426,0.0,entropy,400,"{'criterion': 'entropy', 'n_estimators': 400}",0.9626392833733888,0.9626392833733888,0.0,10
5,6.29752779006958,0.0,0.2429959774017334,0.0,entropy,600,"{'criterion': 'entropy', 'n_estimators': 600}",0.9628334062090075,0.9628334062090075,0.0,8
5,7.998389720916748,0.0,0.3240790367126465,0.0,entropy,800,"{'criterion': 'entropy', 'n_estimators': 800}",0.9628334062090075,0.9628334062090075,0.0,8
5,9.827786684036255,0.0,0.4241673946380615,0.0,entropy,1000,"{'criterion': 'entropy', 'n_estimators': 1000}",0.9630762508193139,0.9630762508193139,0.0,3
4,1.1460013389587402,0.0,0.048998355865478516,0.0,gini,100,"{'criterion': 'gini', 'n_estimators': 100}",0.9623797025371829,0.9623797025371829,0.0,6
4,2.3109993934631348,0.0,0.09900140762329102,0.0,gini,200,"{'criterion': 'gini', 'n_estimators': 200}",0.9623961521644074,0.9623961521644074,0.0,4
4,4.268445730209351,0.0,0.16599726676940918,0.0,gini,400,"{'criterion': 'gini', 'n_estimators': 400}",0.9619588981198075,0.9619588981198075,0.0,9
4,6.224564790725708,0.0,0.24310612678527832,0.0,gini,600,"{'criterion': 'gini', 'n_estimators': 600}",0.962606603979882,0.962606603979882,0.0,2
4,8.257856369018555,0.0,0.326000452041626,0.0,gini,800,"{'criterion': 'gini', 'n_estimators': 800}",0.962606603979882,0.962606603979882,0.0,2
4,10.039381504058838,0.0,0.41606950759887695,0.0,gini,1000,"{'criterion': 'gini', 'n_estimators': 1000}",0.9623797025371829,0.9623797025371829,0.0,6
4,1.2159967422485352,0.0,0.046000003814697266,0.0,entropy,100,"{'criterion': 'entropy', 'n_estimators': 100}",0.9628171478565181,0.9628171478565181,0.0,1
4,2.4259986877441406,0.0,0.08299851417541504,0.0,entropy,200,"{'criterion': 'entropy', 'n_estimators': 200}",0.9617319046577739,0.9617319046577739,0.0,12
4,4.57044243812561,0.0,0.16699981689453125,0.0,entropy,400,"{'criterion': 'entropy', 'n_estimators': 400}",0.9619422572178478,0.9619422572178478,0.0,10
4,6.365561246871948,0.0,0.23610734939575195,0.0,entropy,600,"{'criterion': 'entropy', 'n_estimators': 600}",0.9617486338797815,0.9617486338797815,0.0,11
4,8.185857772827148,0.0,0.30500221252441406,0.0,entropy,800,"{'criterion': 'entropy', 'n_estimators': 800}",0.9619755244755245,0.9619755244755245,0.0,8
4,10.01138162612915,0.0,0.38384485244750977,0.0,entropy,1000,"{'criterion': 'entropy', 'n_estimators': 1000}",0.9623961521644074,0.9623961521644074,0.0,4
3,0.9610018730163574,0.0,0.05600118637084961,0.0,gini,100,"{'criterion': 'gini', 'n_estimators': 100}",0.9606126914660832,0.9606126914660832,0.0,12
3,1.690000295639038,0.0,0.09799957275390625,0.0,gini,200,"{'criterion': 'gini', 'n_estimators': 200}",0.9610503282275711,0.9610503282275711,0.0,7
3,3.137000322341919,0.0,0.1809980869293213,0.0,gini,400,"{'criterion': 'gini', 'n_estimators': 400}",0.9608229371853797,0.9608229371853797,0.0,10
3,4.609999656677246,0.0,0.2500007152557373,0.0,gini,600,"{'criterion': 'gini', 'n_estimators': 600}",0.9610332749562173,0.9610332749562173,0.0,9
3,5.970999479293823,0.0,0.3189983367919922,0.0,gini,800,"{'criterion': 'gini', 'n_estimators': 800}",0.9614711033274956,0.9614711033274956,0.0,2
3,7.208763599395752,0.0,0.39917540550231934,0.0,gini,1000,"{'criterion': 'gini', 'n_estimators': 1000}",0.9610503282275711,0.9610503282275711,0.0,7
3,0.9409840106964111,0.0,0.051003456115722656,0.0,entropy,100,"{'criterion': 'entropy', 'n_estimators': 100}",0.9614879649890591,0.9614879649890591,0.0,1
3,1.8569951057434082,0.0,0.08500313758850098,0.0,entropy,200,"{'criterion': 'entropy', 'n_estimators': 200}",0.9614711033274956,0.9614711033274956,0.0,2
3,3.394996166229248,0.0,0.16400384902954102,0.0,entropy,400,"{'criterion': 'entropy', 'n_estimators': 400}",0.9608057805999561,0.9608057805999561,0.0,11
3,4.816997766494751,0.0,0.2570013999938965,0.0,entropy,600,"{'criterion': 'entropy', 'n_estimators': 600}",0.9614542268944372,0.9614542268944372,0.0,4
3,6.262998342514038,0.0,0.3170018196105957,0.0,entropy,800,"{'criterion': 'entropy', 'n_estimators': 800}",0.9612606697307946,0.9612606697307946,0.0,5
3,7.476220607757568,0.0,0.4050166606903076,0.0,entropy,1000,"{'criterion': 'entropy', 'n_estimators': 1000}",0.9612606697307946,0.9612606697307946,0.0,5
2,0.7499992847442627,0.0,0.05200338363647461,0.0,gini,100,"{'criterion': 'gini', 'n_estimators': 100}",0.9533450704225352,0.9533450704225352,0.0,11
2,1.429999828338623,0.0,0.08599853515625,0.0,gini,200,"{'criterion': 'gini', 'n_estimators': 200}",0.9544954935150582,0.9544954935150582,0.0,6
2,2.6879982948303223,0.0,0.1680011749267578,0.0,gini,400,"{'criterion': 'gini', 'n_estimators': 400}",0.9540356278865185,0.9540356278865185,0.0,10
2,3.828000545501709,0.0,0.2479994297027588,0.0,gini,600,"{'criterion': 'gini', 'n_estimators': 600}",0.9542857142857143,0.9542857142857143,0.0,8
2,5.106000185012817,0.0,0.33099913597106934,0.0,gini,800,"{'criterion': 'gini', 'n_estimators': 800}",0.9549351505825456,0.9549351505825456,0.0,3
2,6.288763523101807,0.0,0.4400002956390381,0.0,gini,1000,"{'criterion': 'gini', 'n_estimators': 1000}",0.9547252747252748,0.9547252747252748,0.0,4
2,0.7760004997253418,0.0,0.04899787902832031,0.0,entropy,100,"{'criterion': 'entropy', 'n_estimators': 100}",0.9533450704225352,0.9533450704225352,0.0,11
2,1.5039966106414795,0.0,0.08300185203552246,0.0,entropy,200,"{'criterion': 'entropy', 'n_estimators': 200}",0.9544954935150582,0.9544954935150582,0.0,6
2,2.7889976501464844,0.0,0.16300368309020996,0.0,entropy,400,"{'criterion': 'entropy', 'n_estimators': 400}",0.9542656112576956,0.9542656112576956,0.0,9
2,3.8629984855651855,0.0,0.24300169944763184,0.0,entropy,600,"{'criterion': 'entropy', 'n_estimators': 600}",0.9547252747252748,0.9547252747252748,0.0,4
2,5.200995922088623,0.0,0.3210020065307617,0.0,entropy,800,"{'criterion': 'entropy', 'n_estimators': 800}",0.9551648351648352,0.9551648351648352,0.0,1
2,6.2747602462768555,0.0,0.41900014877319336,0.0,entropy,1000,"{'criterion': 'entropy', 'n_estimators': 1000}",0.9551648351648352,0.9551648351648352,0.0,1
1,0.5290040969848633,0.0,0.03899645805358887,0.0,gini,100,"{'criterion': 'gini', 'n_estimators': 100}",0.9506784406633642,0.9506784406633642,0.0,1
1,1.0380001068115234,0.0,0.06699943542480469,0.0,gini,200,"{'criterion': 'gini', 'n_estimators': 200}",0.9506784406633642,0.9506784406633642,0.0,1
1,2.0049993991851807,0.0,0.1360023021697998,0.0,gini,400,"{'criterion': 'gini', 'n_estimators': 400}",0.9506784406633642,0.9506784406633642,0.0,1
1,2.677000045776367,0.0,0.17299914360046387,0.0,gini,600,"{'criterion': 'gini', 'n_estimators': 600}",0.9506784406633642,0.9506784406633642,0.0,1
1,3.4379982948303223,0.0,0.2239999771118164,0.0,gini,800,"{'criterion': 'gini', 'n_estimators': 800}",0.9506784406633642,0.9506784406633642,0.0,1
1,4.188345909118652,0.0,0.27699971199035645,0.0,gini,1000,"{'criterion': 'gini', 'n_estimators': 1000}",0.9506784406633642,0.9506784406633642,0.0,1
1,0.5110018253326416,0.0,0.04300403594970703,0.0,entropy,100,"{'criterion': 'entropy', 'n_estimators': 100}",0.9506784406633642,0.9506784406633642,0.0,1
1,1.027989387512207,0.0,0.07000303268432617,0.0,entropy,200,"{'criterion': 'entropy', 'n_estimators': 200}",0.9506784406633642,0.9506784406633642,0.0,1
1,1.988996982574463,0.0,0.11800074577331543,0.0,entropy,400,"{'criterion': 'entropy', 'n_estimators': 400}",0.9506784406633642,0.9506784406633642,0.0,1
1,2.5209951400756836,0.0,0.17499995231628418,0.0,entropy,600,"{'criterion': 'entropy', 'n_estimators': 600}",0.9506784406633642,0.9506784406633642,0.0,1
1,3.2779946327209473,0.0,0.221998929977417,0.0,entropy,800,"{'criterion': 'entropy', 'n_estimators': 800}",0.9506784406633642,0.9506784406633642,0.0,1
1,3.9661855697631836,0.0,0.275160551071167,0.0,entropy,1000,"{'criterion': 'entropy', 'n_estimators': 1000}",0.9506784406633642,0.9506784406633642,0.0,1
