n_features,mean_fit_time,std_fit_time,mean_score_time,std_score_time,param_C,param_gamma,param_kernel,params,split0_test_score,mean_test_score,std_test_score,rank_test_score
26,180.36100721359253,0.0,6.922869682312012,0.0,1,0.01,linear,"{'C': 1, 'gamma': 0.01, 'kernel': 'linear'}",0.896390951476429,0.896390951476429,0.0,12
26,241.047935962677,0.0,19.55186939239502,0.0,1,0.01,rbf,"{'C': 1, 'gamma': 0.01, 'kernel': 'rbf'}",0.8296538566366859,0.8296538566366859,0.0,18
26,179.91480922698975,0.0,6.727069854736328,0.0,1,0.1,linear,"{'C': 1, 'gamma': 0.1, 'kernel': 'linear'}",0.896390951476429,0.896390951476429,0.0,12
26,202.83861780166626,0.0,17.222174882888794,0.0,1,0.1,rbf,"{'C': 1, 'gamma': 0.1, 'kernel': 'rbf'}",0.8848158443363446,0.8848158443363446,0.0,17
26,179.4885847568512,0.0,7.00529932975769,0.0,1,1,linear,"{'C': 1, 'gamma': 1, 'kernel': 'linear'}",0.896390951476429,0.896390951476429,0.0,12
26,185.80088543891907,0.0,18.36373519897461,0.0,1,1,rbf,"{'C': 1, 'gamma': 1, 'kernel': 'rbf'}",0.8960082234024328,0.8960082234024328,0.0,15
26,173.69012188911438,0.0,6.625885009765625,0.0,10,0.01,linear,"{'C': 10, 'gamma': 0.01, 'kernel': 'linear'}",0.8985432290319801,0.8985432290319801,0.0,7
26,202.29408264160156,0.0,17.226712942123413,0.0,10,0.01,rbf,"{'C': 10, 'gamma': 0.01, 'kernel': 'rbf'}",0.885200312853046,0.885200312853046,0.0,16
26,173.99012851715088,0.0,6.562878370285034,0.0,10,0.1,linear,"{'C': 10, 'gamma': 0.1, 'kernel': 'linear'}",0.8985432290319801,0.8985432290319801,0.0,7
26,181.0790011882782,0.0,18.564868927001953,0.0,10,0.1,rbf,"{'C': 10, 'gamma': 0.1, 'kernel': 'rbf'}",0.898078745584561,0.898078745584561,0.0,10
26,173.77912282943726,0.0,6.49288272857666,0.0,10,1,linear,"{'C': 10, 'gamma': 1, 'kernel': 'linear'}",0.8985432290319801,0.8985432290319801,0.0,7
26,171.61358094215393,0.0,17.5662682056427,0.0,10,1,rbf,"{'C': 10, 'gamma': 1, 'kernel': 'rbf'}",0.900382815823054,0.900382815823054,0.0,1
26,208.73161697387695,0.0,4.282175540924072,0.0,100,0.01,linear,"{'C': 100, 'gamma': 0.01, 'kernel': 'linear'}",0.8987330862707921,0.8987330862707921,0.0,3
26,180.81500124931335,0.0,18.281867742538452,0.0,100,0.01,rbf,"{'C': 100, 'gamma': 0.01, 'kernel': 'rbf'}",0.8978466838931956,0.8978466838931956,0.0,11
26,209.099618434906,0.0,4.144173622131348,0.0,100,0.1,linear,"{'C': 100, 'gamma': 0.1, 'kernel': 'linear'}",0.8987330862707921,0.8987330862707921,0.0,3
26,68.88279461860657,0.0,9.582998275756836,0.0,100,0.1,rbf,"{'C': 100, 'gamma': 0.1, 'kernel': 'rbf'}",0.8987048631958144,0.8987048631958144,0.0,6
26,86.98380136489868,0.0,2.775467872619629,0.0,100,1,linear,"{'C': 100, 'gamma': 1, 'kernel': 'linear'}",0.8987330862707921,0.8987330862707921,0.0,3
26,94.04044651985168,0.0,8.429275274276733,0.0,100,1,rbf,"{'C': 100, 'gamma': 1, 'kernel': 'rbf'}",0.9003564759803091,0.9003564759803091,0.0,2
25,181.4898374080658,0.0,5.708619117736816,0.0,1,0.01,linear,"{'C': 1, 'gamma': 0.01, 'kernel': 'linear'}",0.8963730569948186,0.8963730569948186,0.0,12
25,244.52750396728516,0.0,18.251169204711914,0.0,1,0.01,rbf,"{'C': 1, 'gamma': 0.01, 'kernel': 'rbf'}",0.8296538566366859,0.8296538566366859,0.0,18
25,181.36583280563354,0.0,5.802624464035034,0.0,1,0.1,linear,"{'C': 1, 'gamma': 0.1, 'kernel': 'linear'}",0.8963730569948186,0.8963730569948186,0.0,12
25,214.56463289260864,0.0,13.949973106384277,0.0,1,0.1,rbf,"{'C': 1, 'gamma': 0.1, 'kernel': 'rbf'}",0.8848158443363446,0.8848158443363446,0.0,17
25,181.20883011817932,0.0,5.756625413894653,0.0,1,1,linear,"{'C': 1, 'gamma': 1, 'kernel': 'linear'}",0.8963730569948186,0.8963730569948186,0.0,12
25,187.22745323181152,0.0,14.912449836730957,0.0,1,1,rbf,"{'C': 1, 'gamma': 1, 'kernel': 'rbf'}",0.896084982438105,0.896084982438105,0.0,15
25,169.85421705245972,0.0,4.856426000595093,0.0,10,0.01,linear,"{'C': 10, 'gamma': 0.01, 'kernel': 'linear'}",0.8984657817617653,0.8984657817617653,0.0,7
25,213.9366273880005,0.0,13.639977216720581,0.0,10,0.01,rbf,"{'C': 10, 'gamma': 0.01, 'kernel': 'rbf'}",0.885200312853046,0.885200312853046,0.0,16
25,170.13523030281067,0.0,4.747415781021118,0.0,10,0.1,linear,"{'C': 10, 'gamma': 0.1, 'kernel': 'linear'}",0.8984657817617653,0.8984657817617653,0.0,7
25,183.47983598709106,0.0,15.065904378890991,0.0,10,0.1,rbf,"{'C': 10, 'gamma': 0.1, 'kernel': 'rbf'}",0.897983801481992,0.897983801481992,0.0,10
25,169.9582233428955,0.0,4.761422634124756,0.0,10,1,linear,"{'C': 10, 'gamma': 1, 'kernel': 'linear'}",0.8984657817617653,0.8984657817617653,0.0,7
25,159.5487039089203,0.0,14.326948642730713,0.0,10,1,rbf,"{'C': 10, 'gamma': 1, 'kernel': 'rbf'}",0.9003658640347144,0.9003658640347144,0.0,2
25,213.13062977790833,0.0,3.240652561187744,0.0,100,0.01,linear,"{'C': 100, 'gamma': 0.01, 'kernel': 'linear'}",0.8984832816270252,0.8984832816270252,0.0,4
25,185.1484694480896,0.0,15.082276105880737,0.0,100,0.01,rbf,"{'C': 100, 'gamma': 0.01, 'kernel': 'rbf'}",0.8977693566445611,0.8977693566445611,0.0,11
25,213.10163617134094,0.0,3.1926474571228027,0.0,100,0.1,linear,"{'C': 100, 'gamma': 0.1, 'kernel': 'linear'}",0.8984832816270252,0.8984832816270252,0.0,4
25,66.79085540771484,0.0,9.358176708221436,0.0,100,0.1,rbf,"{'C': 100, 'gamma': 0.1, 'kernel': 'rbf'}",0.898876404494382,0.898876404494382,0.0,3
25,85.96203708648682,0.0,2.717994213104248,0.0,100,1,linear,"{'C': 100, 'gamma': 1, 'kernel': 'linear'}",0.8984832816270252,0.8984832816270252,0.0,4
25,91.67999029159546,0.0,8.12086296081543,0.0,100,1,rbf,"{'C': 100, 'gamma': 1, 'kernel': 'rbf'}",0.9004240882103477,0.9004240882103477,0.0,1
24,168.24614095687866,0.0,5.140385150909424,0.0,1,0.01,linear,"{'C': 1, 'gamma': 0.01, 'kernel': 'linear'}",0.8963730569948186,0.8963730569948186,0.0,13
24,230.62767052650452,0.0,18.54512071609497,0.0,1,0.01,rbf,"{'C': 1, 'gamma': 0.01, 'kernel': 'rbf'}",0.8296538566366859,0.8296538566366859,0.0,18
24,163.83034300804138,0.0,4.818797826766968,0.0,1,0.1,linear,"{'C': 1, 'gamma': 0.1, 'kernel': 'linear'}",0.8963730569948186,0.8963730569948186,0.0,13
24,202.38891911506653,0.0,13.796224594116211,0.0,1,0.1,rbf,"{'C': 1, 'gamma': 0.1, 'kernel': 'rbf'}",0.8849127073742726,0.8849127073742726,0.0,17
24,169.85214185714722,0.0,5.040342330932617,0.0,1,1,linear,"{'C': 1, 'gamma': 1, 'kernel': 'linear'}",0.8963730569948186,0.8963730569948186,0.0,13
24,168.8381416797638,0.0,15.727761507034302,0.0,1,1,rbf,"{'C': 1, 'gamma': 1, 'kernel': 'rbf'}",0.896480863087593,0.896480863087593,0.0,12
24,156.17243838310242,0.0,4.779400110244751,0.0,10,0.01,linear,"{'C': 10, 'gamma': 0.01, 'kernel': 'linear'}",0.8984657817617653,0.8984657817617653,0.0,7
24,201.07644820213318,0.0,13.615401029586792,0.0,10,0.01,rbf,"{'C': 10, 'gamma': 0.01, 'kernel': 'rbf'}",0.885103424300365,0.885103424300365,0.0,16
24,159.70684051513672,0.0,5.010507345199585,0.0,10,0.1,linear,"{'C': 10, 'gamma': 0.1, 'kernel': 'linear'}",0.8984657817617653,0.8984657817617653,0.0,7
24,177.32468342781067,0.0,13.331417083740234,0.0,10,0.1,rbf,"{'C': 10, 'gamma': 0.1, 'kernel': 'rbf'}",0.897829083390765,0.897829083390765,0.0,10
24,156.11743712425232,0.0,4.566401958465576,0.0,10,1,linear,"{'C': 10, 'gamma': 1, 'kernel': 'linear'}",0.8984657817617653,0.8984657817617653,0.0,7
24,148.97124099731445,0.0,13.918096542358398,0.0,10,1,rbf,"{'C': 10, 'gamma': 1, 'kernel': 'rbf'}",0.9002722940776038,0.9002722940776038,0.0,2
24,199.02518796920776,0.0,3.138735055923462,0.0,100,0.01,linear,"{'C': 100, 'gamma': 0.01, 'kernel': 'linear'}",0.898638165833477,0.898638165833477,0.0,3
24,164.5283477306366,0.0,15.612550735473633,0.0,100,0.01,rbf,"{'C': 100, 'gamma': 0.01, 'kernel': 'rbf'}",0.8975971061924038,0.8975971061924038,0.0,11
24,196.99469637870789,0.0,3.3132412433624268,0.0,100,0.1,linear,"{'C': 100, 'gamma': 0.1, 'kernel': 'linear'}",0.898638165833477,0.898638165833477,0.0,3
24,70.93333220481873,0.0,8.980165481567383,0.0,100,0.1,rbf,"{'C': 100, 'gamma': 0.1, 'kernel': 'rbf'}",0.8986277873070325,0.8986277873070325,0.0,6
24,90.66388463973999,0.0,2.5904672145843506,0.0,100,1,linear,"{'C': 100, 'gamma': 1, 'kernel': 'linear'}",0.898638165833477,0.898638165833477,0.0,3
24,90.6568443775177,0.0,8.520031213760376,0.0,100,1,rbf,"{'C': 100, 'gamma': 1, 'kernel': 'rbf'}",0.9003733876442633,0.9003733876442633,0.0,1
23,104.34588241577148,0.0,6.296721458435059,0.0,1,0.01,linear,"{'C': 1, 'gamma': 0.01, 'kernel': 'linear'}",0.8965993440359054,0.8965993440359054,0.0,13
23,164.1031618118286,0.0,18.762531280517578,0.0,1,0.01,rbf,"{'C': 1, 'gamma': 0.01, 'kernel': 'rbf'}",0.829578488372093,0.829578488372093,0.0,18
23,105.9278814792633,0.0,6.41871976852417,0.0,1,0.1,linear,"{'C': 1, 'gamma': 0.1, 'kernel': 'linear'}",0.8965993440359054,0.8965993440359054,0.0,13
23,123.37133884429932,0.0,16.701500177383423,0.0,1,0.1,rbf,"{'C': 1, 'gamma': 0.1, 'kernel': 'rbf'}",0.8847590099869734,0.8847590099869734,0.0,17
23,102.17399024963379,0.0,6.422150611877441,0.0,1,1,linear,"{'C': 1, 'gamma': 1, 'kernel': 'linear'}",0.8965993440359054,0.8965993440359054,0.0,13
23,113.49160766601562,0.0,17.305230617523193,0.0,1,1,rbf,"{'C': 1, 'gamma': 1, 'kernel': 'rbf'}",0.8967880085653105,0.8967880085653105,0.0,12
23,99.79598188400269,0.0,5.925897836685181,0.0,10,0.01,linear,"{'C': 10, 'gamma': 0.01, 'kernel': 'linear'}",0.8982335200344679,0.8982335200344679,0.0,4
23,124.97834300994873,0.0,15.827664375305176,0.0,10,0.01,rbf,"{'C': 10, 'gamma': 0.01, 'kernel': 'rbf'}",0.8850834492350487,0.8850834492350487,0.0,16
23,99.91297626495361,0.0,6.276900053024292,0.0,10,0.1,linear,"{'C': 10, 'gamma': 0.1, 'kernel': 'linear'}",0.8982335200344679,0.8982335200344679,0.0,4
23,111.54060482978821,0.0,17.6992347240448,0.0,10,0.1,rbf,"{'C': 10, 'gamma': 0.1, 'kernel': 'rbf'}",0.8980963045912654,0.8980963045912654,0.0,10
23,99.54198002815247,0.0,5.85289740562439,0.0,10,1,linear,"{'C': 10, 'gamma': 1, 'kernel': 'linear'}",0.8982335200344679,0.8982335200344679,0.0,4
23,104.71387982368469,0.0,16.834462642669678,0.0,10,1,rbf,"{'C': 10, 'gamma': 1, 'kernel': 'rbf'}",0.8998723947256486,0.8998723947256486,0.0,2
23,131.0378396511078,0.0,3.1079936027526855,0.0,100,0.01,linear,"{'C': 100, 'gamma': 0.01, 'kernel': 'linear'}",0.8981561261416507,0.8981561261416507,0.0,7
23,113.40060019493103,0.0,17.122244596481323,0.0,100,0.01,rbf,"{'C': 100, 'gamma': 0.01, 'kernel': 'rbf'}",0.8978466838931956,0.8978466838931956,0.0,11
23,128.6788387298584,0.0,3.4835152626037598,0.0,100,0.1,linear,"{'C': 100, 'gamma': 0.1, 'kernel': 'linear'}",0.8981561261416507,0.8981561261416507,0.0,7
23,63.799705505371094,0.0,9.154106378555298,0.0,100,0.1,rbf,"{'C': 100, 'gamma': 0.1, 'kernel': 'rbf'}",0.8988937483920763,0.8988937483920763,0.0,3
23,78.63881540298462,0.0,2.56699800491333,0.0,100,1,linear,"{'C': 100, 'gamma': 1, 'kernel': 'linear'}",0.8981561261416507,0.8981561261416507,0.0,7
23,84.76902318000793,0.0,8.247116327285767,0.0,100,1,rbf,"{'C': 100, 'gamma': 1, 'kernel': 'rbf'}",0.9003139051497412,0.9003139051497412,0.0,1
22,169.8137345314026,0.0,4.905924081802368,0.0,1,0.01,linear,"{'C': 1, 'gamma': 0.01, 'kernel': 'linear'}",0.8964267219057485,0.8964267219057485,0.0,13
22,222.08141016960144,0.0,18.882863759994507,0.0,1,0.01,rbf,"{'C': 1, 'gamma': 0.01, 'kernel': 'rbf'}",0.829578488372093,0.829578488372093,0.0,18
22,166.76727724075317,0.0,4.8693318367004395,0.0,1,0.1,linear,"{'C': 1, 'gamma': 0.1, 'kernel': 'linear'}",0.8964267219057485,0.8964267219057485,0.0,13
22,194.2111620903015,0.0,13.645049571990967,0.0,1,0.1,rbf,"{'C': 1, 'gamma': 0.1, 'kernel': 'rbf'}",0.8848358520062534,0.8848358520062534,0.0,17
22,170.0088677406311,0.0,4.910414218902588,0.0,1,1,linear,"{'C': 1, 'gamma': 1, 'kernel': 'linear'}",0.8964267219057485,0.8964267219057485,0.0,13
22,172.2815387248993,0.0,14.648313522338867,0.0,1,1,rbf,"{'C': 1, 'gamma': 1, 'kernel': 'rbf'}",0.8969946057025431,0.8969946057025431,0.0,12
22,157.96965527534485,0.0,4.1854565143585205,0.0,10,0.01,linear,"{'C': 10, 'gamma': 0.01, 'kernel': 'linear'}",0.8983883478410755,0.8983883478410755,0.0,4
22,192.27570605278015,0.0,14.280963897705078,0.0,10,0.01,rbf,"{'C': 10, 'gamma': 0.01, 'kernel': 'rbf'}",0.8852573018080668,0.8852573018080668,0.0,16
22,152.4392068386078,0.0,4.012474060058594,0.0,10,0.1,linear,"{'C': 10, 'gamma': 0.1, 'kernel': 'linear'}",0.8983883478410755,0.8983883478410755,0.0,4
22,166.9962432384491,0.0,15.042437076568604,0.0,10,0.1,rbf,"{'C': 10, 'gamma': 0.1, 'kernel': 'rbf'}",0.8980013783597519,0.8980013783597519,0.0,7
22,156.84581303596497,0.0,4.1941797733306885,0.0,10,1,linear,"{'C': 10, 'gamma': 1, 'kernel': 'linear'}",0.8983883478410755,0.8983883478410755,0.0,4
22,144.0663480758667,0.0,13.32879638671875,0.0,10,1,rbf,"{'C': 10, 'gamma': 1, 'kernel': 'rbf'}",0.9001361007145288,0.9001361007145288,0.0,2
22,191.522034406662,0.0,2.9449126720428467,0.0,100,0.01,linear,"{'C': 100, 'gamma': 0.01, 'kernel': 'linear'}",0.8980013783597519,0.8980013783597519,0.0,7
22,165.0516631603241,0.0,15.526331424713135,0.0,100,0.01,rbf,"{'C': 100, 'gamma': 0.01, 'kernel': 'rbf'}",0.8977517443362909,0.8977517443362909,0.0,11
22,191.44867753982544,0.0,3.007141351699829,0.0,100,0.1,linear,"{'C': 100, 'gamma': 0.1, 'kernel': 'linear'}",0.8980013783597519,0.8980013783597519,0.0,7
22,62.142810106277466,0.0,9.260135173797607,0.0,100,0.1,rbf,"{'C': 100, 'gamma': 0.1, 'kernel': 'rbf'}",0.8989708404802745,0.8989708404802745,0.0,3
22,71.51627111434937,0.0,2.4711203575134277,0.0,100,1,linear,"{'C': 100, 'gamma': 1, 'kernel': 'linear'}",0.8980013783597519,0.8980013783597519,0.0,7
22,79.2359094619751,0.0,8.09841799736023,0.0,100,1,rbf,"{'C': 100, 'gamma': 1, 'kernel': 'rbf'}",0.9003477228394539,0.9003477228394539,0.0,1
21,162.85839080810547,0.0,4.79826283454895,0.0,1,0.01,linear,"{'C': 1, 'gamma': 0.01, 'kernel': 'linear'}",0.8966171901967552,0.8966171901967552,0.0,13
21,218.77636528015137,0.0,73.06869339942932,0.0,1,0.01,rbf,"{'C': 1, 'gamma': 0.01, 'kernel': 'rbf'}",0.829472154083765,0.829472154083765,0.0,18
21,162.58775448799133,0.0,4.739192962646484,0.0,1,0.1,linear,"{'C': 1, 'gamma': 0.1, 'kernel': 'linear'}",0.8966171901967552,0.8966171901967552,0.0,13
21,190.20248985290527,0.0,15.854480266571045,0.0,1,0.1,rbf,"{'C': 1, 'gamma': 0.1, 'kernel': 'rbf'}",0.8849326964828483,0.8849326964828483,0.0,17
21,163.5311586856842,0.0,4.725566625595093,0.0,1,1,linear,"{'C': 1, 'gamma': 1, 'kernel': 'linear'}",0.8966171901967552,0.8966171901967552,0.0,13
21,167.37977290153503,0.0,51.55954957008362,0.0,1,1,rbf,"{'C': 1, 'gamma': 1, 'kernel': 'rbf'}",0.8969946057025431,0.8969946057025431,0.0,12
21,153.1858513355255,0.0,4.19609260559082,0.0,10,0.01,linear,"{'C': 10, 'gamma': 0.01, 'kernel': 'linear'}",0.8982159786262174,0.8982159786262174,0.0,4
21,190.2323911190033,0.0,56.314765214920044,0.0,10,0.01,rbf,"{'C': 10, 'gamma': 0.01, 'kernel': 'rbf'}",0.8852772466539196,0.8852772466539196,0.0,16
21,154.046382188797,0.0,4.181202411651611,0.0,10,0.1,linear,"{'C': 10, 'gamma': 0.1, 'kernel': 'linear'}",0.8982159786262174,0.8982159786262174,0.0,4
21,160.2983796596527,0.0,51.51178765296936,0.0,10,0.1,rbf,"{'C': 10, 'gamma': 0.1, 'kernel': 'rbf'}",0.8980365139510852,0.8980365139510852,0.0,7
21,153.49031829833984,0.0,4.2365195751190186,0.0,10,1,linear,"{'C': 10, 'gamma': 1, 'kernel': 'linear'}",0.8982159786262174,0.8982159786262174,0.0,4
21,147.28628373146057,0.0,49.68571615219116,0.0,10,1,rbf,"{'C': 10, 'gamma': 1, 'kernel': 'rbf'}",0.8999659748213678,0.8999659748213678,0.0,2
21,185.82426977157593,0.0,3.513066291809082,0.0,100,0.01,linear,"{'C': 100, 'gamma': 0.01, 'kernel': 'linear'}",0.8979064357715172,0.8979064357715172,0.0,8
21,164.9283323287964,0.0,50.18129253387451,0.0,100,0.01,rbf,"{'C': 100, 'gamma': 0.01, 'kernel': 'rbf'}",0.897829083390765,0.897829083390765,0.0,11
21,186.76932764053345,0.0,3.479137659072876,0.0,100,0.1,linear,"{'C': 100, 'gamma': 0.1, 'kernel': 'linear'}",0.8979064357715172,0.8979064357715172,0.0,8
21,60.33243751525879,0.0,37.97009754180908,0.0,100,0.1,rbf,"{'C': 100, 'gamma': 0.1, 'kernel': 'rbf'}",0.8989708404802745,0.8989708404802745,0.0,3
21,68.81666684150696,0.0,2.6462514400482178,0.0,100,1,linear,"{'C': 100, 'gamma': 1, 'kernel': 'linear'}",0.8979064357715172,0.8979064357715172,0.0,8
21,78.23206448554993,0.0,33.219905614852905,0.0,100,1,rbf,"{'C': 100, 'gamma': 1, 'kernel': 'rbf'}",0.9005342152124141,0.9005342152124141,0.0,1
20,59.38381481170654,0.0,5.548746347427368,0.0,1,0.01,linear,"{'C': 1, 'gamma': 0.01, 'kernel': 'linear'}",0.8965041001294778,0.8965041001294778,0.0,13
20,115.38432216644287,0.0,18.757109880447388,0.0,1,0.01,rbf,"{'C': 1, 'gamma': 0.01, 'kernel': 'rbf'}",0.829472154083765,0.829472154083765,0.0,18
20,60.08338403701782,0.0,5.4489593505859375,0.0,1,0.1,linear,"{'C': 1, 'gamma': 0.1, 'kernel': 'linear'}",0.8965041001294778,0.8965041001294778,0.0,13
20,77.88402032852173,0.0,58.46607995033264,0.0,1,0.1,rbf,"{'C': 1, 'gamma': 0.1, 'kernel': 'rbf'}",0.8849526786489537,0.8849526786489537,0.0,17
20,59.545870780944824,0.0,5.671783447265625,0.0,1,1,linear,"{'C': 1, 'gamma': 1, 'kernel': 'linear'}",0.8965041001294778,0.8965041001294778,0.0,13
20,68.48510956764221,0.0,50.82979679107666,0.0,1,1,rbf,"{'C': 1, 'gamma': 1, 'kernel': 'rbf'}",0.8970537855429943,0.8970537855429943,0.0,12
20,56.70558166503906,0.0,4.88530969619751,0.0,10,0.01,linear,"{'C': 10, 'gamma': 0.01, 'kernel': 'linear'}",0.8982583204000689,0.8982583204000689,0.0,4
20,79.01640462875366,0.0,57.48421120643616,0.0,10,0.01,rbf,"{'C': 10, 'gamma': 0.01, 'kernel': 'rbf'}",0.8855479273485706,0.8855479273485706,0.0,16
20,56.422306060791016,0.0,4.8291192054748535,0.0,10,0.1,linear,"{'C': 10, 'gamma': 0.1, 'kernel': 'linear'}",0.8982583204000689,0.8982583204000689,0.0,4
20,67.94717025756836,0.0,50.02834916114807,0.0,10,0.1,rbf,"{'C': 10, 'gamma': 0.1, 'kernel': 'rbf'}",0.8979416070967186,0.8979416070967186,0.0,7
20,56.80873513221741,0.0,5.043749094009399,0.0,10,1,linear,"{'C': 10, 'gamma': 1, 'kernel': 'linear'}",0.8982583204000689,0.8982583204000689,0.0,4
20,63.48929142951965,0.0,45.95538830757141,0.0,10,1,rbf,"{'C': 10, 'gamma': 1, 'kernel': 'rbf'}",0.9002466196105111,0.9002466196105111,0.0,1
20,77.61601901054382,0.0,3.696660041809082,0.0,100,0.01,linear,"{'C': 100, 'gamma': 0.01, 'kernel': 'linear'}",0.8978712401965009,0.8978712401965009,0.0,8
20,68.61309456825256,0.0,49.25679540634155,0.0,100,0.01,rbf,"{'C': 100, 'gamma': 0.01, 'kernel': 'rbf'}",0.8977517443362909,0.8977517443362909,0.0,11
20,77.69532179832458,0.0,3.574582576751709,0.0,100,0.1,linear,"{'C': 100, 'gamma': 0.1, 'kernel': 'linear'}",0.8978712401965009,0.8978712401965009,0.0,8
20,54.56357502937317,0.0,35.59866213798523,0.0,100,0.1,rbf,"{'C': 100, 'gamma': 0.1, 'kernel': 'rbf'}",0.8989881666952495,0.8989881666952495,0.0,3
20,64.00646567344666,0.0,2.373281955718994,0.0,100,1,linear,"{'C': 100, 'gamma': 1, 'kernel': 'linear'}",0.8978712401965009,0.8978712401965009,0.0,8
20,74.48230481147766,0.0,31.845301866531372,0.0,100,1,rbf,"{'C': 100, 'gamma': 1, 'kernel': 'rbf'}",0.9000084810448649,0.9000084810448649,0.0,2
19,147.35411858558655,0.0,4.326701879501343,0.0,1,0.01,linear,"{'C': 1, 'gamma': 0.01, 'kernel': 'linear'}",0.8966945715025461,0.8966945715025461,0.0,13
19,197.83483958244324,0.0,17.215267658233643,0.0,1,0.01,rbf,"{'C': 1, 'gamma': 0.01, 'kernel': 'rbf'}",0.8297910990009083,0.8297910990009083,0.0,18
19,148.2304503917694,0.0,4.248120069503784,0.0,1,0.1,linear,"{'C': 1, 'gamma': 0.1, 'kernel': 'linear'}",0.8966945715025461,0.8966945715025461,0.0,13
19,173.60312843322754,0.0,13.011518239974976,0.0,1,0.1,rbf,"{'C': 1, 'gamma': 0.1, 'kernel': 'rbf'}",0.8849726538762046,0.8849726538762046,0.0,17
19,148.17404580116272,0.0,4.4840850830078125,0.0,1,1,linear,"{'C': 1, 'gamma': 1, 'kernel': 'linear'}",0.8966945715025461,0.8966945715025461,0.0,13
19,150.87641024589539,0.0,13.66651177406311,0.0,1,1,rbf,"{'C': 1, 'gamma': 1, 'kernel': 'rbf'}",0.8969001541359823,0.8969001541359823,0.0,12
19,139.6033957004547,0.0,3.8313252925872803,0.0,10,0.01,linear,"{'C': 10, 'gamma': 0.01, 'kernel': 'linear'}",0.8986731001206273,0.8986731001206273,0.0,4
19,174.04614686965942,0.0,12.68116807937622,0.0,10,0.01,rbf,"{'C': 10, 'gamma': 0.01, 'kernel': 'rbf'}",0.8854709767118526,0.8854709767118526,0.0,16
19,139.4582531452179,0.0,3.8592770099639893,0.0,10,0.1,linear,"{'C': 10, 'gamma': 0.1, 'kernel': 'linear'}",0.8986731001206273,0.8986731001206273,0.0,4
19,150.4184124469757,0.0,13.071596145629883,0.0,10,0.1,rbf,"{'C': 10, 'gamma': 0.1, 'kernel': 'rbf'}",0.8978642783327593,0.8978642783327593,0.0,11
19,139.7076654434204,0.0,3.983764410018921,0.0,10,1,linear,"{'C': 10, 'gamma': 1, 'kernel': 'linear'}",0.8986731001206273,0.8986731001206273,0.0,4
19,135.27303051948547,0.0,13.379490613937378,0.0,10,1,rbf,"{'C': 10, 'gamma': 1, 'kernel': 'rbf'}",0.9001361007145288,0.9001361007145288,0.0,1
19,168.18364763259888,0.0,2.7523834705352783,0.0,100,0.01,linear,"{'C': 100, 'gamma': 0.01, 'kernel': 'linear'}",0.8979416070967186,0.8979416070967186,0.0,7
19,152.1205587387085,0.0,13.242075204849243,0.0,100,0.01,rbf,"{'C': 100, 'gamma': 0.01, 'kernel': 'rbf'}",0.8979064357715172,0.8979064357715172,0.0,10
19,167.50108289718628,0.0,2.7586886882781982,0.0,100,0.1,linear,"{'C': 100, 'gamma': 0.1, 'kernel': 'linear'}",0.8979416070967186,0.8979416070967186,0.0,7
19,51.35779786109924,0.0,8.61965560913086,0.0,100,0.1,rbf,"{'C': 100, 'gamma': 0.1, 'kernel': 'rbf'}",0.8988937483920763,0.8988937483920763,0.0,3
19,60.57325077056885,0.0,2.2175538539886475,0.0,100,1,linear,"{'C': 100, 'gamma': 1, 'kernel': 'linear'}",0.8979416070967186,0.8979416070967186,0.0,7
19,67.45252060890198,0.0,7.8757545948028564,0.0,100,1,rbf,"{'C': 100, 'gamma': 1, 'kernel': 'rbf'}",0.9001017639077341,0.9001017639077341,0.0,2
18,144.45109105110168,0.0,4.303583145141602,0.0,1,0.01,linear,"{'C': 1, 'gamma': 0.01, 'kernel': 'linear'}",0.8965398222452327,0.8965398222452327,0.0,13
18,191.55176424980164,0.0,17.044775247573853,0.0,1,0.01,rbf,"{'C': 1, 'gamma': 0.01, 'kernel': 'rbf'}",0.829578488372093,0.829578488372093,0.0,18
18,144.16403532028198,0.0,4.223504066467285,0.0,1,0.1,linear,"{'C': 1, 'gamma': 0.1, 'kernel': 'linear'}",0.8965398222452327,0.8965398222452327,0.0,13
18,167.86921906471252,0.0,12.251075267791748,0.0,1,0.1,rbf,"{'C': 1, 'gamma': 0.1, 'kernel': 'rbf'}",0.8852430555555556,0.8852430555555556,0.0,17
18,144.90653681755066,0.0,4.079397201538086,0.0,1,1,linear,"{'C': 1, 'gamma': 1, 'kernel': 'linear'}",0.8965398222452327,0.8965398222452327,0.0,13
18,149.5771985054016,0.0,12.917751550674438,0.0,1,1,rbf,"{'C': 1, 'gamma': 1, 'kernel': 'rbf'}",0.8977983380450613,0.8977983380450613,0.0,10
18,134.57359099388123,0.0,3.7406749725341797,0.0,10,0.01,linear,"{'C': 10, 'gamma': 0.01, 'kernel': 'linear'}",0.8985007754609684,0.8985007754609684,0.0,4
18,167.9209749698639,0.0,12.19931936264038,0.0,10,0.01,rbf,"{'C': 10, 'gamma': 0.01, 'kernel': 'rbf'}",0.8855678164914415,0.8855678164914415,0.0,16
18,134.58507823944092,0.0,3.7346417903900146,0.0,10,0.1,linear,"{'C': 10, 'gamma': 0.1, 'kernel': 'linear'}",0.8985007754609684,0.8985007754609684,0.0,4
18,146.2555787563324,0.0,13.229827165603638,0.0,10,0.1,rbf,"{'C': 10, 'gamma': 0.1, 'kernel': 'rbf'}",0.8977517443362909,0.8977517443362909,0.0,11
18,134.26823496818542,0.0,3.8192238807678223,0.0,10,1,linear,"{'C': 10, 'gamma': 1, 'kernel': 'linear'}",0.8985007754609684,0.8985007754609684,0.0,4
18,127.29740118980408,0.0,12.639844417572021,0.0,10,1,rbf,"{'C': 10, 'gamma': 1, 'kernel': 'rbf'}",0.8999489535477285,0.8999489535477285,0.0,2
18,162.35978889465332,0.0,2.56840443611145,0.0,100,0.01,linear,"{'C': 100, 'gamma': 0.01, 'kernel': 'linear'}",0.8980013783597519,0.8980013783597519,0.0,7
18,148.13330721855164,0.0,13.000037431716919,0.0,100,0.01,rbf,"{'C': 100, 'gamma': 0.01, 'kernel': 'rbf'}",0.8976988709816428,0.8976988709816428,0.0,12
18,162.83799052238464,0.0,2.5402588844299316,0.0,100,0.1,linear,"{'C': 100, 'gamma': 0.1, 'kernel': 'linear'}",0.8980013783597519,0.8980013783597519,0.0,7
18,52.28308939933777,0.0,8.350599527359009,0.0,100,0.1,rbf,"{'C': 100, 'gamma': 0.1, 'kernel': 'rbf'}",0.8990132990132991,0.8990132990132991,0.0,3
18,58.2610068321228,0.0,2.1158177852630615,0.0,100,1,linear,"{'C': 100, 'gamma': 1, 'kernel': 'linear'}",0.8980013783597519,0.8980013783597519,0.0,7
18,64.97080421447754,0.0,7.623601913452148,0.0,100,1,rbf,"{'C': 100, 'gamma': 1, 'kernel': 'rbf'}",0.900907010256845,0.900907010256845,0.0,1
17,140.46936011314392,0.0,4.113359451293945,0.0,1,0.01,linear,"{'C': 1, 'gamma': 0.01, 'kernel': 'linear'}",0.8969383354894351,0.8969383354894351,0.0,13
17,184.18509364128113,0.0,17.108630895614624,0.0,1,0.01,rbf,"{'C': 1, 'gamma': 0.01, 'kernel': 'rbf'}",0.8292727272727273,0.8292727272727273,0.0,18
17,139.8399896621704,0.0,3.8190414905548096,0.0,1,0.1,linear,"{'C': 1, 'gamma': 0.1, 'kernel': 'linear'}",0.8969383354894351,0.8969383354894351,0.0,13
17,164.09683060646057,0.0,12.652990102767944,0.0,1,0.1,rbf,"{'C': 1, 'gamma': 0.1, 'kernel': 'rbf'}",0.8859374999999999,0.8859374999999999,0.0,17
17,140.75380611419678,0.0,3.9544734954833984,0.0,1,1,linear,"{'C': 1, 'gamma': 1, 'kernel': 'linear'}",0.8969383354894351,0.8969383354894351,0.0,13
17,144.3963029384613,0.0,12.839305877685547,0.0,1,1,rbf,"{'C': 1, 'gamma': 1, 'kernel': 'rbf'}",0.8978158458244111,0.8978158458244111,0.0,9
17,130.9286241531372,0.0,3.696244955062866,0.0,10,0.01,linear,"{'C': 10, 'gamma': 0.01, 'kernel': 'linear'}",0.8985607170559339,0.8985607170559339,0.0,4
17,163.98266911506653,0.0,12.301109552383423,0.0,10,0.01,rbf,"{'C': 10, 'gamma': 0.01, 'kernel': 'rbf'}",0.8861485019539732,0.8861485019539732,0.0,16
17,131.26790857315063,0.0,3.748997926712036,0.0,10,0.1,linear,"{'C': 10, 'gamma': 0.1, 'kernel': 'linear'}",0.8985607170559339,0.8985607170559339,0.0,4
17,140.57175064086914,0.0,13.222028255462646,0.0,10,0.1,rbf,"{'C': 10, 'gamma': 0.1, 'kernel': 'rbf'}",0.8983386416458639,0.8983386416458639,0.0,8
17,130.5669982433319,0.0,3.631649971008301,0.0,10,1,linear,"{'C': 10, 'gamma': 1, 'kernel': 'linear'}",0.8985607170559339,0.8985607170559339,0.0,4
17,126.0746579170227,0.0,12.936404943466187,0.0,10,1,rbf,"{'C': 10, 'gamma': 1, 'kernel': 'rbf'}",0.8992934366221162,0.8992934366221162,0.0,3
17,155.13002467155457,0.0,2.7490346431732178,0.0,100,0.01,linear,"{'C': 100, 'gamma': 0.01, 'kernel': 'linear'}",0.8977762454749181,0.8977762454749181,0.0,10
17,146.42458486557007,0.0,12.201585292816162,0.0,100,0.01,rbf,"{'C': 100, 'gamma': 0.01, 'kernel': 'rbf'}",0.8983634797588286,0.8983634797588286,0.0,7
17,154.88223147392273,0.0,2.8397433757781982,0.0,100,0.1,linear,"{'C': 100, 'gamma': 0.1, 'kernel': 'linear'}",0.8977762454749181,0.8977762454749181,0.0,10
17,48.55581760406494,0.0,8.350736618041992,0.0,100,0.1,rbf,"{'C': 100, 'gamma': 0.1, 'kernel': 'rbf'}",0.8999228196552612,0.8999228196552612,0.0,2
17,52.06546330451965,0.0,2.1022894382476807,0.0,100,1,linear,"{'C': 100, 'gamma': 1, 'kernel': 'linear'}",0.8977762454749181,0.8977762454749181,0.0,10
17,58.875948667526245,0.0,7.486589193344116,0.0,100,1,rbf,"{'C': 100, 'gamma': 1, 'kernel': 'rbf'}",0.9005510809665112,0.9005510809665112,0.0,1
16,124.83094501495361,0.0,3.920952320098877,0.0,1,0.01,linear,"{'C': 1, 'gamma': 0.01, 'kernel': 'linear'}",0.8976282880551962,0.8976282880551962,0.0,13
16,174.79791712760925,0.0,16.555604934692383,0.0,1,0.01,rbf,"{'C': 1, 'gamma': 0.01, 'kernel': 'rbf'}",0.8293925063659512,0.8293925063659512,0.0,18
16,124.48364353179932,0.0,4.018240213394165,0.0,1,0.1,linear,"{'C': 1, 'gamma': 0.1, 'kernel': 'linear'}",0.8976282880551962,0.8976282880551962,0.0,13
16,153.7848298549652,0.0,11.816061973571777,0.0,1,0.1,rbf,"{'C': 1, 'gamma': 0.1, 'kernel': 'rbf'}",0.8856870063362555,0.8856870063362555,0.0,17
16,124.51887965202332,0.0,3.9553487300872803,0.0,1,1,linear,"{'C': 1, 'gamma': 1, 'kernel': 'linear'}",0.8976282880551962,0.8976282880551962,0.0,13
16,134.93505835533142,0.0,12.23795199394226,0.0,1,1,rbf,"{'C': 1, 'gamma': 1, 'kernel': 'rbf'}",0.8977214322425905,0.8977214322425905,0.0,9
16,117.63060259819031,0.0,3.5803401470184326,0.0,10,0.01,linear,"{'C': 10, 'gamma': 0.01, 'kernel': 'linear'}",0.8982583204000689,0.8982583204000689,0.0,6
16,153.61161613464355,0.0,12.00861144065857,0.0,10,0.01,rbf,"{'C': 10, 'gamma': 0.01, 'kernel': 'rbf'}",0.8860517630710439,0.8860517630710439,0.0,16
16,117.74166131019592,0.0,3.6075148582458496,0.0,10,0.1,linear,"{'C': 10, 'gamma': 0.1, 'kernel': 'linear'}",0.8982583204000689,0.8982583204000689,0.0,6
16,134.376051902771,0.0,12.342089176177979,0.0,10,0.1,rbf,"{'C': 10, 'gamma': 0.1, 'kernel': 'rbf'}",0.8984334653124463,0.8984334653124463,0.0,4
16,117.00139212608337,0.0,3.460071086883545,0.0,10,1,linear,"{'C': 10, 'gamma': 1, 'kernel': 'linear'}",0.8982583204000689,0.8982583204000689,0.0,6
16,117.40184903144836,0.0,13.053598165512085,0.0,10,1,rbf,"{'C': 10, 'gamma': 1, 'kernel': 'rbf'}",0.8990888188708166,0.8990888188708166,0.0,3
16,141.03382968902588,0.0,3.1852545738220215,0.0,100,0.01,linear,"{'C': 100, 'gamma': 0.01, 'kernel': 'linear'}",0.8976459429162714,0.8976459429162714,0.0,10
16,133.83621335029602,0.0,12.273300409317017,0.0,100,0.01,rbf,"{'C': 100, 'gamma': 0.01, 'kernel': 'rbf'}",0.8983459682977257,0.8983459682977257,0.0,5
16,141.47993302345276,0.0,3.105900764465332,0.0,100,0.1,linear,"{'C': 100, 'gamma': 0.1, 'kernel': 'linear'}",0.8976459429162714,0.8976459429162714,0.0,10
16,45.82418870925903,0.0,8.064037561416626,0.0,100,0.1,rbf,"{'C': 100, 'gamma': 0.1, 'kernel': 'rbf'}",0.8999056522857878,0.8999056522857878,0.0,2
16,53.00930595397949,0.0,2.024064779281616,0.0,100,1,linear,"{'C': 100, 'gamma': 1, 'kernel': 'linear'}",0.8976459429162714,0.8976459429162714,0.0,10
16,60.26494479179382,0.0,7.45556640625,0.0,100,1,rbf,"{'C': 100, 'gamma': 1, 'kernel': 'rbf'}",0.9012031859006948,0.9012031859006948,0.0,1
15,131.10459566116333,0.0,4.138507843017578,0.0,1,0.01,linear,"{'C': 1, 'gamma': 0.01, 'kernel': 'linear'}",0.8973784063470162,0.8973784063470162,0.0,13
15,170.94672179222107,0.0,17.319233179092407,0.0,1,0.01,rbf,"{'C': 1, 'gamma': 0.01, 'kernel': 'rbf'}",0.8297736980823411,0.8297736980823411,0.0,18
15,131.22451877593994,0.0,4.073110103607178,0.0,1,0.1,linear,"{'C': 1, 'gamma': 0.1, 'kernel': 'linear'}",0.8973784063470162,0.8973784063470162,0.0,13
15,152.86380982398987,0.0,13.302125215530396,0.0,1,0.1,rbf,"{'C': 1, 'gamma': 0.1, 'kernel': 'rbf'}",0.8856870063362555,0.8856870063362555,0.0,17
15,131.50983262062073,0.0,3.9035441875457764,0.0,1,1,linear,"{'C': 1, 'gamma': 1, 'kernel': 'linear'}",0.8973784063470162,0.8973784063470162,0.0,13
15,133.31311416625977,0.0,14.569049835205078,0.0,1,1,rbf,"{'C': 1, 'gamma': 1, 'kernel': 'rbf'}",0.8986127761603014,0.8986127761603014,0.0,4
15,125.02781200408936,0.0,3.5471646785736084,0.0,10,0.01,linear,"{'C': 10, 'gamma': 0.01, 'kernel': 'linear'}",0.8982758620689655,0.8982758620689655,0.0,7
15,153.23792791366577,0.0,12.804822444915771,0.0,10,0.01,rbf,"{'C': 10, 'gamma': 0.01, 'kernel': 'rbf'}",0.8863419293218721,0.8863419293218721,0.0,16
15,124.58360171318054,0.0,3.5656745433807373,0.0,10,0.1,linear,"{'C': 10, 'gamma': 0.1, 'kernel': 'linear'}",0.8982758620689655,0.8982758620689655,0.0,7
15,133.30003786087036,0.0,13.706952333450317,0.0,10,0.1,rbf,"{'C': 10, 'gamma': 0.1, 'kernel': 'rbf'}",0.8984933275936289,0.8984933275936289,0.0,5
15,124.3284924030304,0.0,3.3357596397399902,0.0,10,1,linear,"{'C': 10, 'gamma': 1, 'kernel': 'linear'}",0.8982758620689655,0.8982758620689655,0.0,7
15,117.64616632461548,0.0,13.190165758132935,0.0,10,1,rbf,"{'C': 10, 'gamma': 1, 'kernel': 'rbf'}",0.8988591861059084,0.8988591861059084,0.0,3
15,148.98610854148865,0.0,2.3679144382476807,0.0,100,0.01,linear,"{'C': 100, 'gamma': 0.01, 'kernel': 'linear'}",0.8976988709816428,0.8976988709816428,0.0,10
15,133.87492036819458,0.0,13.28136682510376,0.0,100,0.01,rbf,"{'C': 100, 'gamma': 0.01, 'kernel': 'rbf'}",0.8983883478410755,0.8983883478410755,0.0,6
15,149.35053181648254,0.0,2.447676181793213,0.0,100,0.1,linear,"{'C': 100, 'gamma': 0.1, 'kernel': 'linear'}",0.8976988709816428,0.8976988709816428,0.0,10
15,41.49867844581604,0.0,8.817820310592651,0.0,100,0.1,rbf,"{'C': 100, 'gamma': 0.1, 'kernel': 'rbf'}",0.8999999999999999,0.8999999999999999,0.0,2
15,48.60593795776367,0.0,2.1417887210845947,0.0,100,1,linear,"{'C': 100, 'gamma': 1, 'kernel': 'linear'}",0.8976988709816428,0.8976988709816428,0.0,10
15,52.57615041732788,0.0,7.75227165222168,0.0,100,1,rbf,"{'C': 100, 'gamma': 1, 'kernel': 'rbf'}",0.9000932124396238,0.9000932124396238,0.0,1
14,128.1332676410675,0.0,4.065090179443359,0.0,1,0.01,linear,"{'C': 1, 'gamma': 0.01, 'kernel': 'linear'}",0.8973784063470162,0.8973784063470162,0.0,13
14,163.63872146606445,0.0,17.292329788208008,0.0,1,0.01,rbf,"{'C': 1, 'gamma': 0.01, 'kernel': 'rbf'}",0.8296363636363636,0.8296363636363636,0.0,18
14,128.02956080436707,0.0,3.973414421081543,0.0,1,0.1,linear,"{'C': 1, 'gamma': 0.1, 'kernel': 'linear'}",0.8973784063470162,0.8973784063470162,0.0,13
14,147.60666036605835,0.0,12.357672929763794,0.0,1,0.1,rbf,"{'C': 1, 'gamma': 0.1, 'kernel': 'rbf'}",0.8857837181044957,0.8857837181044957,0.0,17
14,127.84541177749634,0.0,3.9485156536102295,0.0,1,1,linear,"{'C': 1, 'gamma': 1, 'kernel': 'linear'}",0.8973784063470162,0.8973784063470162,0.0,13
14,128.22765016555786,0.0,13.906173706054688,0.0,1,1,rbf,"{'C': 1, 'gamma': 1, 'kernel': 'rbf'}",0.8985358335473926,0.8985358335473926,0.0,4
14,116.60642671585083,0.0,3.4204068183898926,0.0,10,0.01,linear,"{'C': 10, 'gamma': 0.01, 'kernel': 'linear'}",0.8981808776618675,0.8981808776618675,0.0,7
14,147.74885654449463,0.0,12.301862955093384,0.0,10,0.01,rbf,"{'C': 10, 'gamma': 0.01, 'kernel': 'rbf'}",0.8862452240361236,0.8862452240361236,0.0,16
14,117.03053641319275,0.0,3.3891191482543945,0.0,10,0.1,linear,"{'C': 10, 'gamma': 0.1, 'kernel': 'linear'}",0.8981808776618675,0.8981808776618675,0.0,7
14,129.30676579475403,0.0,13.862018346786499,0.0,10,0.1,rbf,"{'C': 10, 'gamma': 0.1, 'kernel': 'rbf'}",0.8982087495694109,0.8982087495694109,0.0,5
14,116.86211490631104,0.0,3.3644537925720215,0.0,10,1,linear,"{'C': 10, 'gamma': 1, 'kernel': 'linear'}",0.8981808776618675,0.8981808776618675,0.0,7
14,113.16852760314941,0.0,13.577943086624146,0.0,10,1,rbf,"{'C': 10, 'gamma': 1, 'kernel': 'rbf'}",0.8989185046410627,0.8989185046410627,0.0,3
14,140.85271382331848,0.0,2.7515313625335693,0.0,100,0.01,linear,"{'C': 100, 'gamma': 0.01, 'kernel': 'linear'}",0.8976215098241985,0.8976215098241985,0.0,10
14,130.30484652519226,0.0,13.799769878387451,0.0,100,0.01,rbf,"{'C': 100, 'gamma': 0.01, 'kernel': 'rbf'}",0.8981984311697268,0.8981984311697268,0.0,6
14,141.06518959999084,0.0,2.7841672897338867,0.0,100,0.1,linear,"{'C': 100, 'gamma': 0.1, 'kernel': 'linear'}",0.8976215098241985,0.8976215098241985,0.0,10
14,41.24718403816223,0.0,9.641249895095825,0.0,100,0.1,rbf,"{'C': 100, 'gamma': 0.1, 'kernel': 'rbf'}",0.8994681763595814,0.8994681763595814,0.0,2
14,47.99513387680054,0.0,2.0618951320648193,0.0,100,1,linear,"{'C': 100, 'gamma': 1, 'kernel': 'linear'}",0.8976215098241985,0.8976215098241985,0.0,10
14,52.32482695579529,0.0,7.690023183822632,0.0,100,1,rbf,"{'C': 100, 'gamma': 1, 'kernel': 'rbf'}",0.9000932124396238,0.9000932124396238,0.0,1
13,114.42143559455872,0.0,4.6482343673706055,0.0,1,0.01,linear,"{'C': 1, 'gamma': 0.01, 'kernel': 'linear'}",0.8976106271025619,0.8976106271025619,0.0,13
13,147.03264379501343,0.0,17.50611710548401,0.0,1,0.01,rbf,"{'C': 1, 'gamma': 0.01, 'kernel': 'rbf'}",0.8298491183421197,0.8298491183421197,0.0,18
13,114.18398451805115,0.0,4.714306592941284,0.0,1,0.1,linear,"{'C': 1, 'gamma': 0.1, 'kernel': 'linear'}",0.8976106271025619,0.8976106271025619,0.0,13
13,123.90191745758057,0.0,14.722111940383911,0.0,1,0.1,rbf,"{'C': 1, 'gamma': 0.1, 'kernel': 'rbf'}",0.8856101371289706,0.8856101371289706,0.0,17
13,114.24993586540222,0.0,4.667424917221069,0.0,1,1,linear,"{'C': 1, 'gamma': 1, 'kernel': 'linear'}",0.8976106271025619,0.8976106271025619,0.0,13
13,116.01334714889526,0.0,15.203057527542114,0.0,1,1,rbf,"{'C': 1, 'gamma': 1, 'kernel': 'rbf'}",0.8983645860090762,0.8983645860090762,0.0,4
13,112.16287207603455,0.0,4.127549171447754,0.0,10,0.01,linear,"{'C': 10, 'gamma': 0.01, 'kernel': 'linear'}",0.8982758620689655,0.8982758620689655,0.0,6
13,123.9845654964447,0.0,14.175111055374146,0.0,10,0.01,rbf,"{'C': 10, 'gamma': 0.01, 'kernel': 'rbf'}",0.8863419293218721,0.8863419293218721,0.0,16
13,112.32735514640808,0.0,4.113548278808594,0.0,10,0.1,linear,"{'C': 10, 'gamma': 0.1, 'kernel': 'linear'}",0.8982758620689655,0.8982758620689655,0.0,6
13,114.84319353103638,0.0,15.43069052696228,0.0,10,0.1,rbf,"{'C': 10, 'gamma': 0.1, 'kernel': 'rbf'}",0.8983036252475673,0.8983036252475673,0.0,5
13,112.02146530151367,0.0,4.154126167297363,0.0,10,1,linear,"{'C': 10, 'gamma': 1, 'kernel': 'linear'}",0.8982758620689655,0.8982758620689655,0.0,6
13,105.42199373245239,0.0,15.13285756111145,0.0,10,1,rbf,"{'C': 10, 'gamma': 1, 'kernel': 'rbf'}",0.8988247317322432,0.8988247317322432,0.0,3
13,123.5585560798645,0.0,3.7358856201171875,0.0,100,0.01,linear,"{'C': 100, 'gamma': 0.01, 'kernel': 'linear'}",0.8980611805256355,0.8980611805256355,0.0,10
13,115.9536657333374,0.0,15.178913831710815,0.0,100,0.01,rbf,"{'C': 100, 'gamma': 0.01, 'kernel': 'rbf'}",0.8981984311697268,0.8981984311697268,0.0,9
13,123.59204530715942,0.0,3.6297149658203125,0.0,100,0.1,linear,"{'C': 100, 'gamma': 0.1, 'kernel': 'linear'}",0.8980611805256355,0.8980611805256355,0.0,10
13,32.68416619300842,0.0,8.421552419662476,0.0,100,0.1,rbf,"{'C': 100, 'gamma': 0.1, 'kernel': 'rbf'}",0.8993910283900849,0.8993910283900849,0.0,2
13,38.71010136604309,0.0,2.341892957687378,0.0,100,1,linear,"{'C': 100, 'gamma': 1, 'kernel': 'linear'}",0.8980611805256355,0.8980611805256355,0.0,10
13,42.24298143386841,0.0,7.407601594924927,0.0,100,1,rbf,"{'C': 100, 'gamma': 1, 'kernel': 'rbf'}",0.9004321667655284,0.9004321667655284,0.0,1
12,112.18871068954468,0.0,3.734485626220703,0.0,1,0.01,linear,"{'C': 1, 'gamma': 0.01, 'kernel': 'linear'}",0.8965636332239683,0.8965636332239683,0.0,10
12,146.81249809265137,0.0,16.48070764541626,0.0,1,0.01,rbf,"{'C': 1, 'gamma': 0.01, 'kernel': 'rbf'}",0.8284412032816773,0.8284412032816773,0.0,18
12,112.68492603302002,0.0,3.571171522140503,0.0,1,0.1,linear,"{'C': 1, 'gamma': 0.1, 'kernel': 'linear'}",0.8965636332239683,0.8965636332239683,0.0,10
12,131.63588094711304,0.0,12.336063861846924,0.0,1,0.1,rbf,"{'C': 1, 'gamma': 0.1, 'kernel': 'rbf'}",0.8868071818891491,0.8868071818891491,0.0,16
12,111.96606850624084,0.0,3.6140050888061523,0.0,1,1,linear,"{'C': 1, 'gamma': 1, 'kernel': 'linear'}",0.8965636332239683,0.8965636332239683,0.0,10
12,116.25609755516052,0.0,13.183329343795776,0.0,1,1,rbf,"{'C': 1, 'gamma': 1, 'kernel': 'rbf'}",0.8986897319517,0.8986897319517,0.0,3
12,106.96061778068542,0.0,3.2718663215637207,0.0,10,0.01,linear,"{'C': 10, 'gamma': 0.01, 'kernel': 'linear'}",0.8970575545776166,0.8970575545776166,0.0,6
12,131.81658720970154,0.0,12.09455156326294,0.0,10,0.01,rbf,"{'C': 10, 'gamma': 0.01, 'kernel': 'rbf'}",0.8861506421381466,0.8861506421381466,0.0,17
12,106.59087371826172,0.0,3.2366251945495605,0.0,10,0.1,linear,"{'C': 10, 'gamma': 0.1, 'kernel': 'linear'}",0.8970575545776166,0.8970575545776166,0.0,6
12,116.41634178161621,0.0,13.023081064224243,0.0,10,0.1,rbf,"{'C': 10, 'gamma': 0.1, 'kernel': 'rbf'}",0.8974954815388587,0.8974954815388587,0.0,5
12,106.44783639907837,0.0,3.2933504581451416,0.0,10,1,linear,"{'C': 10, 'gamma': 1, 'kernel': 'linear'}",0.8970575545776166,0.8970575545776166,0.0,6
12,100.17454648017883,0.0,12.95761489868164,0.0,10,1,rbf,"{'C': 10, 'gamma': 1, 'kernel': 'rbf'}",0.8990216928966398,0.8990216928966398,0.0,2
12,124.6062388420105,0.0,3.1602041721343994,0.0,100,0.01,linear,"{'C': 100, 'gamma': 0.01, 'kernel': 'linear'}",0.896390951476429,0.896390951476429,0.0,13
12,116.59949135780334,0.0,13.19784140586853,0.0,100,0.01,rbf,"{'C': 100, 'gamma': 0.01, 'kernel': 'rbf'}",0.8968609865470851,0.8968609865470851,0.0,9
12,125.3248245716095,0.0,3.1757373809814453,0.0,100,0.1,linear,"{'C': 100, 'gamma': 0.1, 'kernel': 'linear'}",0.896390951476429,0.896390951476429,0.0,13
12,35.01957869529724,0.0,8.354376077651978,0.0,100,0.1,rbf,"{'C': 100, 'gamma': 0.1, 'kernel': 'rbf'}",0.8985507246376813,0.8985507246376813,0.0,4
12,40.28685998916626,0.0,1.8837971687316895,0.0,100,1,linear,"{'C': 100, 'gamma': 1, 'kernel': 'linear'}",0.896390951476429,0.896390951476429,0.0,13
12,42.547560930252075,0.0,7.35280442237854,0.0,100,1,rbf,"{'C': 100, 'gamma': 1, 'kernel': 'rbf'}",0.9004996189347108,0.9004996189347108,0.0,1
11,108.33671259880066,0.0,3.787853479385376,0.0,1,0.01,linear,"{'C': 1, 'gamma': 0.01, 'kernel': 'linear'}",0.896468353337363,0.896468353337363,0.0,13
11,138.28937816619873,0.0,16.447874069213867,0.0,1,0.01,rbf,"{'C': 1, 'gamma': 0.01, 'kernel': 'rbf'}",0.8284412032816773,0.8284412032816773,0.0,18
11,107.05401134490967,0.0,3.5180110931396484,0.0,1,0.1,linear,"{'C': 1, 'gamma': 0.1, 'kernel': 'linear'}",0.896468353337363,0.896468353337363,0.0,13
11,124.12798357009888,0.0,12.370096683502197,0.0,1,0.1,rbf,"{'C': 1, 'gamma': 0.1, 'kernel': 'rbf'}",0.886594360086768,0.886594360086768,0.0,16
11,107.80241870880127,0.0,3.708636522293091,0.0,1,1,linear,"{'C': 1, 'gamma': 1, 'kernel': 'linear'}",0.896468353337363,0.896468353337363,0.0,13
11,108.76271796226501,0.0,13.991745948791504,0.0,1,1,rbf,"{'C': 1, 'gamma': 1, 'kernel': 'rbf'}",0.8987244242787432,0.8987244242787432,0.0,4
11,102.58405113220215,0.0,3.351041555404663,0.0,10,0.01,linear,"{'C': 10, 'gamma': 0.01, 'kernel': 'linear'}",0.8969801553062985,0.8969801553062985,0.0,7
11,124.46783399581909,0.0,12.081683158874512,0.0,10,0.01,rbf,"{'C': 10, 'gamma': 0.01, 'kernel': 'rbf'}",0.8864011108218345,0.8864011108218345,0.0,17
11,102.83908534049988,0.0,3.1784324645996094,0.0,10,0.1,linear,"{'C': 10, 'gamma': 0.1, 'kernel': 'linear'}",0.8969801553062985,0.8969801553062985,0.0,7
11,109.14176177978516,0.0,13.953220844268799,0.0,10,0.1,rbf,"{'C': 10, 'gamma': 0.1, 'kernel': 'rbf'}",0.8983561408038557,0.8983561408038557,0.0,5
11,102.7708854675293,0.0,3.1320927143096924,0.0,10,1,linear,"{'C': 10, 'gamma': 1, 'kernel': 'linear'}",0.8969801553062985,0.8969801553062985,0.0,7
11,93.3424243927002,0.0,12.666004657745361,0.0,10,1,rbf,"{'C': 10, 'gamma': 1, 'kernel': 'rbf'}",0.8989624085728867,0.8989624085728867,0.0,3
11,120.97204113006592,0.0,2.9234893321990967,0.0,100,0.01,linear,"{'C': 100, 'gamma': 0.01, 'kernel': 'linear'}",0.8969267955801105,0.8969267955801105,0.0,10
11,111.20252275466919,0.0,13.693479776382446,0.0,100,0.01,rbf,"{'C': 100, 'gamma': 0.01, 'kernel': 'rbf'}",0.8979908597050962,0.8979908597050962,0.0,6
11,121.02201175689697,0.0,3.0162699222564697,0.0,100,0.1,linear,"{'C': 100, 'gamma': 0.1, 'kernel': 'linear'}",0.8969267955801105,0.8969267955801105,0.0,10
11,32.584800720214844,0.0,8.107788801193237,0.0,100,0.1,rbf,"{'C': 100, 'gamma': 0.1, 'kernel': 'rbf'}",0.89900548696845,0.89900548696845,0.0,2
11,38.15441846847534,0.0,1.928809642791748,0.0,100,1,linear,"{'C': 100, 'gamma': 1, 'kernel': 'linear'}",0.8969267955801105,0.8969267955801105,0.0,10
11,38.65375375747681,0.0,7.4728710651397705,0.0,100,1,rbf,"{'C': 100, 'gamma': 1, 'kernel': 'rbf'}",0.9004996189347108,0.9004996189347108,0.0,1
10,98.78623509407043,0.0,3.556932210922241,0.0,1,0.01,linear,"{'C': 1, 'gamma': 0.01, 'kernel': 'linear'}",0.896390951476429,0.896390951476429,0.0,13
10,129.0041582584381,0.0,16.110873699188232,0.0,1,0.01,rbf,"{'C': 1, 'gamma': 0.01, 'kernel': 'rbf'}",0.8288550869842427,0.8288550869842427,0.0,18
10,98.98297190666199,0.0,3.531247854232788,0.0,1,0.1,linear,"{'C': 1, 'gamma': 0.1, 'kernel': 'linear'}",0.896390951476429,0.896390951476429,0.0,13
10,115.39129567146301,0.0,11.976499080657959,0.0,1,0.1,rbf,"{'C': 1, 'gamma': 0.1, 'kernel': 'rbf'}",0.886884108258154,0.886884108258154,0.0,16
10,98.23973178863525,0.0,3.4415345191955566,0.0,1,1,linear,"{'C': 1, 'gamma': 1, 'kernel': 'linear'}",0.896390951476429,0.896390951476429,0.0,13
10,101.81852865219116,0.0,12.896814107894897,0.0,1,1,rbf,"{'C': 1, 'gamma': 1, 'kernel': 'rbf'}",0.8983224922971585,0.8983224922971585,0.0,4
10,95.34005689620972,0.0,3.0210163593292236,0.0,10,0.01,linear,"{'C': 10, 'gamma': 0.01, 'kernel': 'linear'}",0.8969801553062985,0.8969801553062985,0.0,7
10,115.55623388290405,0.0,11.753498792648315,0.0,10,0.01,rbf,"{'C': 10, 'gamma': 0.01, 'kernel': 'rbf'}",0.8864011108218345,0.8864011108218345,0.0,17
10,95.54369187355042,0.0,2.979017734527588,0.0,10,0.1,linear,"{'C': 10, 'gamma': 0.1, 'kernel': 'linear'}",0.8969801553062985,0.8969801553062985,0.0,7
10,102.8433518409729,0.0,12.351468801498413,0.0,10,0.1,rbf,"{'C': 10, 'gamma': 0.1, 'kernel': 'rbf'}",0.8979345955249569,0.8979345955249569,0.0,5
10,94.13804364204407,0.0,2.9276812076568604,0.0,10,1,linear,"{'C': 10, 'gamma': 1, 'kernel': 'linear'}",0.8969801553062985,0.8969801553062985,0.0,7
10,89.901437997818,0.0,12.67671012878418,0.0,10,1,rbf,"{'C': 10, 'gamma': 1, 'kernel': 'rbf'}",0.8992340425531914,0.8992340425531914,0.0,2
10,112.19833874702454,0.0,3.0712826251983643,0.0,100,0.01,linear,"{'C': 100, 'gamma': 0.01, 'kernel': 'linear'}",0.8967719661660625,0.8967719661660625,0.0,10
10,102.91865968704224,0.0,12.584994554519653,0.0,100,0.01,rbf,"{'C': 100, 'gamma': 0.01, 'kernel': 'rbf'}",0.8977762454749181,0.8977762454749181,0.0,6
10,112.50868463516235,0.0,2.875232458114624,0.0,100,0.1,linear,"{'C': 100, 'gamma': 0.1, 'kernel': 'linear'}",0.8967719661660625,0.8967719661660625,0.0,10
10,30.47312641143799,0.0,8.066982984542847,0.0,100,0.1,rbf,"{'C': 100, 'gamma': 0.1, 'kernel': 'rbf'}",0.8987222365148786,0.8987222365148786,0.0,3
10,34.9084255695343,0.0,1.8123834133148193,0.0,100,1,linear,"{'C': 100, 'gamma': 1, 'kernel': 'linear'}",0.8967719661660625,0.8967719661660625,0.0,10
10,35.43660020828247,0.0,7.22897481918335,0.0,100,1,rbf,"{'C': 100, 'gamma': 1, 'kernel': 'rbf'}",0.8998138432898968,0.8998138432898968,0.0,1
9,89.70774245262146,0.0,3.6151645183563232,0.0,1,0.01,linear,"{'C': 1, 'gamma': 0.01, 'kernel': 'linear'}",0.8962598255161095,0.8962598255161095,0.0,13
9,119.6312141418457,0.0,15.692848443984985,0.0,1,0.01,rbf,"{'C': 1, 'gamma': 0.01, 'kernel': 'rbf'}",0.8288550869842427,0.8288550869842427,0.0,18
9,89.44480776786804,0.0,3.58731746673584,0.0,1,0.1,linear,"{'C': 1, 'gamma': 0.1, 'kernel': 'linear'}",0.8962598255161095,0.8962598255161095,0.0,13
9,108.09665656089783,0.0,12.084029197692871,0.0,1,0.1,rbf,"{'C': 1, 'gamma': 0.1, 'kernel': 'rbf'}",0.8870183963901423,0.8870183963901423,0.0,16
9,89.34475994110107,0.0,3.4544341564178467,0.0,1,1,linear,"{'C': 1, 'gamma': 1, 'kernel': 'linear'}",0.8962598255161095,0.8962598255161095,0.0,13
9,96.2634105682373,0.0,13.109996557235718,0.0,1,1,rbf,"{'C': 1, 'gamma': 1, 'kernel': 'rbf'}",0.8982107696258881,0.8982107696258881,0.0,5
9,88.04215741157532,0.0,3.127201795578003,0.0,10,0.01,linear,"{'C': 10, 'gamma': 0.01, 'kernel': 'linear'}",0.8970753170563369,0.8970753170563369,0.0,7
9,108.17819499969482,0.0,12.052363157272339,0.0,10,0.01,rbf,"{'C': 10, 'gamma': 0.01, 'kernel': 'rbf'}",0.886304461031071,0.886304461031071,0.0,17
9,87.32327079772949,0.0,3.0169975757598877,0.0,10,0.1,linear,"{'C': 10, 'gamma': 0.1, 'kernel': 'linear'}",0.8970753170563369,0.8970753170563369,0.0,7
9,95.36669111251831,0.0,12.781728744506836,0.0,10,0.1,rbf,"{'C': 10, 'gamma': 0.1, 'kernel': 'rbf'}",0.8982963345379452,0.8982963345379452,0.0,4
9,88.18704986572266,0.0,3.2310123443603516,0.0,10,1,linear,"{'C': 10, 'gamma': 1, 'kernel': 'linear'}",0.8970753170563369,0.8970753170563369,0.0,7
9,87.06781721115112,0.0,12.70853877067566,0.0,10,1,rbf,"{'C': 10, 'gamma': 1, 'kernel': 'rbf'}",0.8994042553191489,0.8994042553191489,0.0,2
9,103.66238498687744,0.0,2.9733481407165527,0.0,100,0.01,linear,"{'C': 100, 'gamma': 0.01, 'kernel': 'linear'}",0.8967897825336555,0.8967897825336555,0.0,10
9,98.23349142074585,0.0,12.686452865600586,0.0,100,0.01,rbf,"{'C': 100, 'gamma': 0.01, 'kernel': 'rbf'}",0.8977938641847638,0.8977938641847638,0.0,6
9,103.5301079750061,0.0,3.1611201763153076,0.0,100,0.1,linear,"{'C': 100, 'gamma': 0.1, 'kernel': 'linear'}",0.8967897825336555,0.8967897825336555,0.0,10
9,28.645349740982056,0.0,8.072781562805176,0.0,100,0.1,rbf,"{'C': 100, 'gamma': 0.1, 'kernel': 'rbf'}",0.8987396038755038,0.8987396038755038,0.0,3
9,32.83997440338135,0.0,1.7409160137176514,0.0,100,1,linear,"{'C': 100, 'gamma': 1, 'kernel': 'linear'}",0.8967897825336555,0.8967897825336555,0.0,10
9,33.57233691215515,0.0,7.120384931564331,0.0,100,1,rbf,"{'C': 100, 'gamma': 1, 'kernel': 'rbf'}",0.9011750781976499,0.9011750781976499,0.0,1
8,65.4948992729187,0.0,3.867176055908203,0.0,1,0.01,linear,"{'C': 1, 'gamma': 0.01, 'kernel': 'linear'}",0.8963372494816862,0.8963372494816862,0.0,13
8,95.70336580276489,0.0,15.582981586456299,0.0,1,0.01,rbf,"{'C': 1, 'gamma': 0.01, 'kernel': 'rbf'}",0.8291883028149769,0.8291883028149769,0.0,18
8,65.47211217880249,0.0,3.9992573261260986,0.0,1,0.1,linear,"{'C': 1, 'gamma': 0.1, 'kernel': 'linear'}",0.8963372494816862,0.8963372494816862,0.0,13
8,75.12356877326965,0.0,13.894439935684204,0.0,1,0.1,rbf,"{'C': 1, 'gamma': 0.1, 'kernel': 'rbf'}",0.8868071818891491,0.8868071818891491,0.0,16
8,65.23859286308289,0.0,3.8452587127685547,0.0,1,1,linear,"{'C': 1, 'gamma': 1, 'kernel': 'linear'}",0.8963372494816862,0.8963372494816862,0.0,13
8,67.8373646736145,0.0,13.645259618759155,0.0,1,1,rbf,"{'C': 1, 'gamma': 1, 'kernel': 'rbf'}",0.8981513180417666,0.8981513180417666,0.0,4
8,64.43819236755371,0.0,3.535057306289673,0.0,10,0.01,linear,"{'C': 10, 'gamma': 0.01, 'kernel': 'linear'}",0.8968075927523727,0.8968075927523727,0.0,7
8,75.03560209274292,0.0,13.488541603088379,0.0,10,0.01,rbf,"{'C': 10, 'gamma': 0.01, 'kernel': 'rbf'}",0.8861308800555459,0.8861308800555459,0.0,17
8,64.49795126914978,0.0,3.569000244140625,0.0,10,0.1,linear,"{'C': 10, 'gamma': 0.1, 'kernel': 'linear'}",0.8968075927523727,0.8968075927523727,0.0,7
8,68.43405437469482,0.0,13.446842908859253,0.0,10,0.1,rbf,"{'C': 10, 'gamma': 0.1, 'kernel': 'rbf'}",0.8981171008511736,0.8981171008511736,0.0,5
8,64.4752938747406,0.0,3.6264808177948,0.0,10,1,linear,"{'C': 10, 'gamma': 1, 'kernel': 'linear'}",0.8968075927523727,0.8968075927523727,0.0,7
8,62.40283155441284,0.0,14.589212656021118,0.0,10,1,rbf,"{'C': 10, 'gamma': 1, 'kernel': 'rbf'}",0.8990810074880872,0.8990810074880872,0.0,2
8,74.07296800613403,0.0,3.1578314304351807,0.0,100,0.01,linear,"{'C': 100, 'gamma': 0.01, 'kernel': 'linear'}",0.896444597859855,0.896444597859855,0.0,10
8,68.66869831085205,0.0,13.22119402885437,0.0,100,0.01,rbf,"{'C': 100, 'gamma': 0.01, 'kernel': 'rbf'}",0.8975265017667845,0.8975265017667845,0.0,6
8,73.43386578559875,0.0,3.1885502338409424,0.0,100,0.1,linear,"{'C': 100, 'gamma': 0.1, 'kernel': 'linear'}",0.896444597859855,0.896444597859855,0.0,10
8,25.8520667552948,0.0,7.603052854537964,0.0,100,0.1,rbf,"{'C': 100, 'gamma': 0.1, 'kernel': 'rbf'}",0.8981830647925951,0.8981830647925951,0.0,3
8,28.700114011764526,0.0,1.712223768234253,0.0,100,1,linear,"{'C': 100, 'gamma': 1, 'kernel': 'linear'}",0.896444597859855,0.896444597859855,0.0,10
8,31.15096139907837,0.0,6.9543750286102295,0.0,100,1,rbf,"{'C': 100, 'gamma': 1, 'kernel': 'rbf'}",0.9009298393913778,0.9009298393913778,0.0,1
7,76.593266248703,0.0,3.613058090209961,0.0,1,0.01,linear,"{'C': 1, 'gamma': 0.01, 'kernel': 'linear'}",0.8963372494816862,0.8963372494816862,0.0,13
7,98.80820298194885,0.0,16.06066131591797,0.0,1,0.01,rbf,"{'C': 1, 'gamma': 0.01, 'kernel': 'rbf'}",0.8290816326530612,0.8290816326530612,0.0,18
7,75.378915309906,0.0,3.4886786937713623,0.0,1,0.1,linear,"{'C': 1, 'gamma': 0.1, 'kernel': 'linear'}",0.8963372494816862,0.8963372494816862,0.0,13
7,89.68128538131714,0.0,12.367321729660034,0.0,1,0.1,rbf,"{'C': 1, 'gamma': 0.1, 'kernel': 'rbf'}",0.8871541330557724,0.8871541330557724,0.0,16
7,76.67816686630249,0.0,3.5569770336151123,0.0,1,1,linear,"{'C': 1, 'gamma': 1, 'kernel': 'linear'}",0.8963372494816862,0.8963372494816862,0.0,13
7,81.88151264190674,0.0,11.980117797851562,0.0,1,1,rbf,"{'C': 1, 'gamma': 1, 'kernel': 'rbf'}",0.8982281948129761,0.8982281948129761,0.0,4
7,73.19008183479309,0.0,3.010650157928467,0.0,10,0.01,linear,"{'C': 10, 'gamma': 0.01, 'kernel': 'linear'}",0.8968075927523727,0.8968075927523727,0.0,7
7,90.45118951797485,0.0,12.36063027381897,0.0,10,0.01,rbf,"{'C': 10, 'gamma': 0.01, 'kernel': 'rbf'}",0.8856274424663482,0.8856274424663482,0.0,17
7,73.07002091407776,0.0,3.0144810676574707,0.0,10,0.1,linear,"{'C': 10, 'gamma': 0.1, 'kernel': 'linear'}",0.8968075927523727,0.8968075927523727,0.0,7
7,81.95537114143372,0.0,11.731074571609497,0.0,10,0.1,rbf,"{'C': 10, 'gamma': 0.1, 'kernel': 'rbf'}",0.897685225023664,0.897685225023664,0.0,5
7,73.63761591911316,0.0,3.055128335952759,0.0,10,1,linear,"{'C': 10, 'gamma': 1, 'kernel': 'linear'}",0.8968075927523727,0.8968075927523727,0.0,7
7,68.22497868537903,0.0,12.45118260383606,0.0,10,1,rbf,"{'C': 10, 'gamma': 1, 'kernel': 'rbf'}",0.8989624085728867,0.8989624085728867,0.0,2
7,86.46472144126892,0.0,2.9225499629974365,0.0,100,0.01,linear,"{'C': 100, 'gamma': 0.01, 'kernel': 'linear'}",0.896444597859855,0.896444597859855,0.0,10
7,83.7018563747406,0.0,11.765374183654785,0.0,100,0.01,rbf,"{'C': 100, 'gamma': 0.01, 'kernel': 'rbf'}",0.8974911630312957,0.8974911630312957,0.0,6
7,86.77340960502625,0.0,2.754756212234497,0.0,100,0.1,linear,"{'C': 100, 'gamma': 0.1, 'kernel': 'linear'}",0.896444597859855,0.896444597859855,0.0,10
7,24.902450561523438,0.0,7.9847424030303955,0.0,100,0.1,rbf,"{'C': 100, 'gamma': 0.1, 'kernel': 'rbf'}",0.8988340192043897,0.8988340192043897,0.0,3
7,27.021136045455933,0.0,1.718322992324829,0.0,100,1,linear,"{'C': 100, 'gamma': 1, 'kernel': 'linear'}",0.896444597859855,0.896444597859855,0.0,10
7,28.342127323150635,0.0,7.218870401382446,0.0,100,1,rbf,"{'C': 100, 'gamma': 1, 'kernel': 'rbf'}",0.9012178619756428,0.9012178619756428,0.0,1
6,67.82240343093872,0.0,3.4454312324523926,0.0,1,0.01,linear,"{'C': 1, 'gamma': 0.01, 'kernel': 'linear'}",0.8963851263911656,0.8963851263911656,0.0,13
6,88.80877232551575,0.0,15.990913152694702,0.0,1,0.01,rbf,"{'C': 1, 'gamma': 0.01, 'kernel': 'rbf'}",0.82941498086386,0.82941498086386,0.0,18
6,68.39049983024597,0.0,3.4755570888519287,0.0,1,0.1,linear,"{'C': 1, 'gamma': 0.1, 'kernel': 'linear'}",0.8963851263911656,0.8963851263911656,0.0,13
6,79.79943585395813,0.0,12.626407623291016,0.0,1,0.1,rbf,"{'C': 1, 'gamma': 0.1, 'kernel': 'rbf'}",0.8865531619179986,0.8865531619179986,0.0,16
6,67.5924711227417,0.0,3.472813129425049,0.0,1,1,linear,"{'C': 1, 'gamma': 1, 'kernel': 'linear'}",0.8963851263911656,0.8963851263911656,0.0,13
6,74.43413972854614,0.0,11.58357858657837,0.0,1,1,rbf,"{'C': 1, 'gamma': 1, 'kernel': 'rbf'}",0.8983152313349868,0.8983152313349868,0.0,4
6,68.35237050056458,0.0,3.201770782470703,0.0,10,0.01,linear,"{'C': 10, 'gamma': 0.01, 'kernel': 'linear'}",0.8973895063323856,0.8973895063323856,0.0,6
6,80.11259841918945,0.0,12.969528436660767,0.0,10,0.01,rbf,"{'C': 10, 'gamma': 0.01, 'kernel': 'rbf'}",0.8863024407191871,0.8863024407191871,0.0,17
6,68.08143162727356,0.0,3.061535358428955,0.0,10,0.1,linear,"{'C': 10, 'gamma': 0.1, 'kernel': 'linear'}",0.8973895063323856,0.8973895063323856,0.0,6
6,75.57317662239075,0.0,11.361518621444702,0.0,10,0.1,rbf,"{'C': 10, 'gamma': 0.1, 'kernel': 'rbf'}",0.8980152934100868,0.8980152934100868,0.0,5
6,68.40155720710754,0.0,3.0533084869384766,0.0,10,1,linear,"{'C': 10, 'gamma': 1, 'kernel': 'linear'}",0.8973895063323856,0.8973895063323856,0.0,6
6,67.56283640861511,0.0,11.61607027053833,0.0,10,1,rbf,"{'C': 10, 'gamma': 1, 'kernel': 'rbf'}",0.8994223581379545,0.8994223581379545,0.0,2
6,74.64184546470642,0.0,2.9821815490722656,0.0,100,0.01,linear,"{'C': 100, 'gamma': 0.01, 'kernel': 'linear'}",0.8965041001294778,0.8965041001294778,0.0,10
6,75.26359558105469,0.0,11.625991106033325,0.0,100,0.01,rbf,"{'C': 100, 'gamma': 0.01, 'kernel': 'rbf'}",0.8972171965193417,0.8972171965193417,0.0,9
6,74.65301036834717,0.0,2.8700625896453857,0.0,100,0.1,linear,"{'C': 100, 'gamma': 0.1, 'kernel': 'linear'}",0.8965041001294778,0.8965041001294778,0.0,10
6,22.827789783477783,0.0,7.767233848571777,0.0,100,0.1,rbf,"{'C': 100, 'gamma': 0.1, 'kernel': 'rbf'}",0.8985606579849211,0.8985606579849211,0.0,3
6,21.936405420303345,0.0,1.5828814506530762,0.0,100,1,linear,"{'C': 100, 'gamma': 1, 'kernel': 'linear'}",0.8965041001294778,0.8965041001294778,0.0,10
6,23.4248309135437,0.0,7.114551067352295,0.0,100,1,rbf,"{'C': 100, 'gamma': 1, 'kernel': 'rbf'}",0.9003633905180428,0.9003633905180428,0.0,1
5,61.25324511528015,0.0,3.2875938415527344,0.0,1,0.01,linear,"{'C': 1, 'gamma': 0.01, 'kernel': 'linear'}",0.8963077984817115,0.8963077984817115,0.0,13
5,80.52149367332458,0.0,15.749956607818604,0.0,1,0.01,rbf,"{'C': 1, 'gamma': 0.01, 'kernel': 'rbf'}",0.82941498086386,0.82941498086386,0.0,18
5,62.33316349983215,0.0,3.2585062980651855,0.0,1,0.1,linear,"{'C': 1, 'gamma': 0.1, 'kernel': 'linear'}",0.8963077984817115,0.8963077984817115,0.0,13
5,72.36041045188904,0.0,13.137690544128418,0.0,1,0.1,rbf,"{'C': 1, 'gamma': 0.1, 'kernel': 'rbf'}",0.8868432479374728,0.8868432479374728,0.0,16
5,61.512659788131714,0.0,3.5899147987365723,0.0,1,1,linear,"{'C': 1, 'gamma': 1, 'kernel': 'linear'}",0.8963077984817115,0.8963077984817115,0.0,13
5,68.20383405685425,0.0,11.347894668579102,0.0,1,1,rbf,"{'C': 1, 'gamma': 1, 'kernel': 'rbf'}",0.8981441888309244,0.8981441888309244,0.0,4
5,61.370803356170654,0.0,3.1332592964172363,0.0,10,0.01,linear,"{'C': 10, 'gamma': 0.01, 'kernel': 'linear'}",0.897294502843357,0.897294502843357,0.0,6
5,72.43823194503784,0.0,12.86275029182434,0.0,10,0.01,rbf,"{'C': 10, 'gamma': 0.01, 'kernel': 'rbf'}",0.8862826861263141,0.8862826861263141,0.0,17
5,60.8307101726532,0.0,2.942959785461426,0.0,10,0.1,linear,"{'C': 10, 'gamma': 0.1, 'kernel': 'linear'}",0.897294502843357,0.897294502843357,0.0,6
5,67.75210189819336,0.0,12.113398790359497,0.0,10,0.1,rbf,"{'C': 10, 'gamma': 0.1, 'kernel': 'rbf'}",0.8981099656357387,0.8981099656357387,0.0,5
5,62.10644865036011,0.0,3.1155059337615967,0.0,10,1,linear,"{'C': 10, 'gamma': 1, 'kernel': 'linear'}",0.897294502843357,0.897294502843357,0.0,6
5,56.88139462471008,0.0,12.132060527801514,0.0,10,1,rbf,"{'C': 10, 'gamma': 1, 'kernel': 'rbf'}",0.8998385863562994,0.8998385863562994,0.0,2
5,70.08565998077393,0.0,2.7142817974090576,0.0,100,0.01,linear,"{'C': 100, 'gamma': 0.01, 'kernel': 'linear'}",0.8965041001294778,0.8965041001294778,0.0,10
5,70.08766889572144,0.0,11.42561149597168,0.0,100,0.01,rbf,"{'C': 100, 'gamma': 0.01, 'kernel': 'rbf'}",0.897122178183698,0.897122178183698,0.0,9
5,70.09698605537415,0.0,2.691582679748535,0.0,100,0.1,linear,"{'C': 100, 'gamma': 0.1, 'kernel': 'linear'}",0.8965041001294778,0.8965041001294778,0.0,10
5,22.065231323242188,0.0,7.547788858413696,0.0,100,0.1,rbf,"{'C': 100, 'gamma': 0.1, 'kernel': 'rbf'}",0.8989206784307007,0.8989206784307007,0.0,3
5,20.589885711669922,0.0,1.561316728591919,0.0,100,1,linear,"{'C': 100, 'gamma': 1, 'kernel': 'linear'}",0.8965041001294778,0.8965041001294778,0.0,10
5,21.758987426757812,0.0,6.897363185882568,0.0,100,1,rbf,"{'C': 100, 'gamma': 1, 'kernel': 'rbf'}",0.9007775524002704,0.9007775524002704,0.0,1
4,52.51187205314636,0.0,3.356605052947998,0.0,1,0.01,linear,"{'C': 1, 'gamma': 0.01, 'kernel': 'linear'}",0.8958135520069055,0.8958135520069055,0.0,13
4,72.4067895412445,0.0,15.12642526626587,0.0,1,0.01,rbf,"{'C': 1, 'gamma': 0.01, 'kernel': 'rbf'}",0.8295972298159285,0.8295972298159285,0.0,18
4,52.11172080039978,0.0,3.2987418174743652,0.0,1,0.1,linear,"{'C': 1, 'gamma': 0.1, 'kernel': 'linear'}",0.8958135520069055,0.8958135520069055,0.0,13
4,62.77668762207031,0.0,13.003799676895142,0.0,1,0.1,rbf,"{'C': 1, 'gamma': 0.1, 'kernel': 'rbf'}",0.8862056984016677,0.8862056984016677,0.0,16
4,52.070794343948364,0.0,3.1427714824676514,0.0,1,1,linear,"{'C': 1, 'gamma': 1, 'kernel': 'linear'}",0.8958135520069055,0.8958135520069055,0.0,13
4,57.67764210700989,0.0,12.647769689559937,0.0,1,1,rbf,"{'C': 1, 'gamma': 1, 'kernel': 'rbf'}",0.8979731463268623,0.8979731463268623,0.0,4
4,52.22633123397827,0.0,2.891836404800415,0.0,10,0.01,linear,"{'C': 10, 'gamma': 0.01, 'kernel': 'linear'}",0.8972236592515951,0.8972236592515951,0.0,5
4,62.862476110458374,0.0,13.787782192230225,0.0,10,0.01,rbf,"{'C': 10, 'gamma': 0.01, 'kernel': 'rbf'}",0.8858757062146894,0.8858757062146894,0.0,17
4,52.82366704940796,0.0,2.921847343444824,0.0,10,0.1,linear,"{'C': 10, 'gamma': 0.1, 'kernel': 'linear'}",0.8972236592515951,0.8972236592515951,0.0,5
4,58.09252977371216,0.0,12.24493670463562,0.0,10,0.1,rbf,"{'C': 10, 'gamma': 0.1, 'kernel': 'rbf'}",0.8972155379855621,0.8972155379855621,0.0,8
4,52.641671895980835,0.0,2.998943567276001,0.0,10,1,linear,"{'C': 10, 'gamma': 1, 'kernel': 'linear'}",0.8972236592515951,0.8972236592515951,0.0,5
4,52.88158082962036,0.0,12.639990329742432,0.0,10,1,rbf,"{'C': 10, 'gamma': 1, 'kernel': 'rbf'}",0.8997791744521827,0.8997791744521827,0.0,2
4,60.79154682159424,0.0,2.892620325088501,0.0,100,0.01,linear,"{'C': 100, 'gamma': 0.01, 'kernel': 'linear'}",0.8962361878453039,0.8962361878453039,0.0,10
4,59.39290380477905,0.0,12.049352407455444,0.0,100,0.01,rbf,"{'C': 100, 'gamma': 0.01, 'kernel': 'rbf'}",0.8967597380213721,0.8967597380213721,0.0,9
4,61.24025845527649,0.0,2.9290871620178223,0.0,100,0.1,linear,"{'C': 100, 'gamma': 0.1, 'kernel': 'linear'}",0.8962361878453039,0.8962361878453039,0.0,10
4,22.045666933059692,0.0,7.409104824066162,0.0,100,0.1,rbf,"{'C': 100, 'gamma': 0.1, 'kernel': 'rbf'}",0.8989284183454779,0.8989284183454779,0.0,3
4,19.950222969055176,0.0,1.622180461883545,0.0,100,1,linear,"{'C': 100, 'gamma': 1, 'kernel': 'linear'}",0.8962361878453039,0.8962361878453039,0.0,10
4,21.268829584121704,0.0,6.816155433654785,0.0,100,1,rbf,"{'C': 100, 'gamma': 1, 'kernel': 'rbf'}",0.9005917159763314,0.9005917159763314,0.0,1
3,45.94706892967224,0.0,3.2863028049468994,0.0,1,0.01,linear,"{'C': 1, 'gamma': 0.01, 'kernel': 'linear'}",0.8961946673569765,0.8961946673569765,0.0,10
3,65.1523654460907,0.0,14.998791694641113,0.0,1,0.01,rbf,"{'C': 1, 'gamma': 0.01, 'kernel': 'rbf'}",0.8287615055135332,0.8287615055135332,0.0,18
3,45.60158061981201,0.0,3.372682571411133,0.0,1,0.1,linear,"{'C': 1, 'gamma': 0.1, 'kernel': 'linear'}",0.8961946673569765,0.8961946673569765,0.0,10
3,54.57852816581726,0.0,13.11832571029663,0.0,1,0.1,rbf,"{'C': 1, 'gamma': 0.1, 'kernel': 'rbf'}",0.8857638888888888,0.8857638888888888,0.0,17
3,45.80742931365967,0.0,3.41485595703125,0.0,1,1,linear,"{'C': 1, 'gamma': 1, 'kernel': 'linear'}",0.8961946673569765,0.8961946673569765,0.0,10
3,50.20258188247681,0.0,12.063436031341553,0.0,1,1,rbf,"{'C': 1, 'gamma': 1, 'kernel': 'rbf'}",0.8985209882875952,0.8985209882875952,0.0,4
3,46.14723443984985,0.0,2.9417338371276855,0.0,10,0.01,linear,"{'C': 10, 'gamma': 0.01, 'kernel': 'linear'}",0.8972236592515951,0.8972236592515951,0.0,5
3,55.472206830978394,0.0,12.35923433303833,0.0,10,0.01,rbf,"{'C': 10, 'gamma': 0.01, 'kernel': 'rbf'}",0.8858955418440949,0.8858955418440949,0.0,16
3,45.88879108428955,0.0,3.171435594558716,0.0,10,0.1,linear,"{'C': 10, 'gamma': 0.1, 'kernel': 'linear'}",0.8972236592515951,0.8972236592515951,0.0,5
3,50.286338567733765,0.0,12.23182463645935,0.0,10,0.1,rbf,"{'C': 10, 'gamma': 0.1, 'kernel': 'rbf'}",0.8969311441588584,0.8969311441588584,0.0,8
3,46.19691514968872,0.0,2.9478507041931152,0.0,10,1,linear,"{'C': 10, 'gamma': 1, 'kernel': 'linear'}",0.8972236592515951,0.8972236592515951,0.0,5
3,47.487483739852905,0.0,11.745418548583984,0.0,10,1,rbf,"{'C': 10, 'gamma': 1, 'kernel': 'rbf'}",0.9001867255134952,0.9001867255134952,0.0,2
3,48.07272171974182,0.0,2.929232597351074,0.0,100,0.01,linear,"{'C': 100, 'gamma': 0.01, 'kernel': 'linear'}",0.8959682293015626,0.8959682293015626,0.0,13
3,51.486050844192505,0.0,11.484363794326782,0.0,100,0.01,rbf,"{'C': 100, 'gamma': 0.01, 'kernel': 'rbf'}",0.896302042927334,0.896302042927334,0.0,9
3,48.0954053401947,0.0,2.9005215167999268,0.0,100,0.1,linear,"{'C': 100, 'gamma': 0.1, 'kernel': 'linear'}",0.8959682293015626,0.8959682293015626,0.0,13
3,20.381577014923096,0.0,7.410937547683716,0.0,100,0.1,rbf,"{'C': 100, 'gamma': 0.1, 'kernel': 'rbf'}",0.8986474918678309,0.8986474918678309,0.0,3
3,17.129339933395386,0.0,1.5860059261322021,0.0,100,1,linear,"{'C': 100, 'gamma': 1, 'kernel': 'linear'}",0.8959682293015626,0.8959682293015626,0.0,13
3,19.220462799072266,0.0,6.588695287704468,0.0,100,1,rbf,"{'C': 100, 'gamma': 1, 'kernel': 'rbf'}",0.9007685161726207,0.9007685161726207,0.0,1
2,37.13689565658569,0.0,3.3253023624420166,0.0,1,0.01,linear,"{'C': 1, 'gamma': 0.01, 'kernel': 'linear'}",0.8961946673569765,0.8961946673569765,0.0,13
2,58.6887993812561,0.0,14.670543909072876,0.0,1,0.01,rbf,"{'C': 1, 'gamma': 0.01, 'kernel': 'rbf'}",0.8268898389884473,0.8268898389884473,0.0,18
2,37.02388668060303,0.0,3.277662515640259,0.0,1,0.1,linear,"{'C': 1, 'gamma': 0.1, 'kernel': 'linear'}",0.8961946673569765,0.8961946673569765,0.0,13
2,47.726746559143066,0.0,11.988868236541748,0.0,1,0.1,rbf,"{'C': 1, 'gamma': 0.1, 'kernel': 'rbf'}",0.8843845150065246,0.8843845150065246,0.0,16
2,36.9123170375824,0.0,3.3141236305236816,0.0,1,1,linear,"{'C': 1, 'gamma': 1, 'kernel': 'linear'}",0.8961946673569765,0.8961946673569765,0.0,13
2,41.447718381881714,0.0,10.771775722503662,0.0,1,1,rbf,"{'C': 1, 'gamma': 1, 'kernel': 'rbf'}",0.8978858169990585,0.8978858169990585,0.0,4
2,36.40030384063721,0.0,2.9016342163085938,0.0,10,0.01,linear,"{'C': 10, 'gamma': 0.01, 'kernel': 'linear'}",0.8968431947559082,0.8968431947559082,0.0,6
2,52.904703855514526,0.0,10.835609674453735,0.0,10,0.01,rbf,"{'C': 10, 'gamma': 0.01, 'kernel': 'rbf'}",0.8834131475838051,0.8834131475838051,0.0,17
2,36.34196591377258,0.0,3.0721235275268555,0.0,10,0.1,linear,"{'C': 10, 'gamma': 0.1, 'kernel': 'linear'}",0.8968431947559082,0.8968431947559082,0.0,6
2,42.61105489730835,0.0,10.719191312789917,0.0,10,0.1,rbf,"{'C': 10, 'gamma': 0.1, 'kernel': 'rbf'}",0.8975483870967742,0.8975483870967742,0.0,5
2,36.34961533546448,0.0,3.0731730461120605,0.0,10,1,linear,"{'C': 10, 'gamma': 1, 'kernel': 'linear'}",0.8968431947559082,0.8968431947559082,0.0,6
2,40.24519634246826,0.0,9.689672231674194,0.0,10,1,rbf,"{'C': 10, 'gamma': 1, 'kernel': 'rbf'}",0.900331379046648,0.900331379046648,0.0,2
2,37.75647759437561,0.0,2.935590982437134,0.0,100,0.01,linear,"{'C': 100, 'gamma': 0.01, 'kernel': 'linear'}",0.8963672448011045,0.8963672448011045,0.0,10
2,51.434213638305664,0.0,8.801361560821533,0.0,100,0.01,rbf,"{'C': 100, 'gamma': 0.01, 'kernel': 'rbf'}",0.8965933592065545,0.8965933592065545,0.0,9
2,37.62057042121887,0.0,2.912993907928467,0.0,100,0.1,linear,"{'C': 100, 'gamma': 0.1, 'kernel': 'linear'}",0.8963672448011045,0.8963672448011045,0.0,10
2,19.306153059005737,0.0,7.318238735198975,0.0,100,0.1,rbf,"{'C': 100, 'gamma': 0.1, 'kernel': 'rbf'}",0.8983792127604836,0.8983792127604836,0.0,3
2,15.371916770935059,0.0,1.6226181983947754,0.0,100,1,linear,"{'C': 100, 'gamma': 1, 'kernel': 'linear'}",0.8963672448011045,0.8963672448011045,0.0,10
2,18.90418553352356,0.0,6.855180740356445,0.0,100,1,rbf,"{'C': 100, 'gamma': 1, 'kernel': 'rbf'}",0.9011991217699712,0.9011991217699712,0.0,1
1,44.25122880935669,0.0,3.3364205360412598,0.0,1,0.01,linear,"{'C': 1, 'gamma': 0.01, 'kernel': 'linear'}",0.8643346931689958,0.8643346931689958,0.0,7
1,58.17730188369751,0.0,16.390385150909424,0.0,1,0.01,rbf,"{'C': 1, 'gamma': 0.01, 'kernel': 'rbf'}",0.8377981651376147,0.8377981651376147,0.0,18
1,44.435009479522705,0.0,3.470121383666992,0.0,1,0.1,linear,"{'C': 1, 'gamma': 0.1, 'kernel': 'linear'}",0.8643346931689958,0.8643346931689958,0.0,7
1,51.71868085861206,0.0,12.026274681091309,0.0,1,0.1,rbf,"{'C': 1, 'gamma': 0.1, 'kernel': 'rbf'}",0.8643346931689958,0.8643346931689958,0.0,7
1,44.293959856033325,0.0,3.2318646907806396,0.0,1,1,linear,"{'C': 1, 'gamma': 1, 'kernel': 'linear'}",0.8643346931689958,0.8643346931689958,0.0,7
1,43.0407280921936,0.0,12.90371060371399,0.0,1,1,rbf,"{'C': 1, 'gamma': 1, 'kernel': 'rbf'}",0.8670111972437554,0.8670111972437554,0.0,3
1,40.09845495223999,0.0,3.589407444000244,0.0,10,0.01,linear,"{'C': 10, 'gamma': 0.01, 'kernel': 'linear'}",0.8643346931689958,0.8643346931689958,0.0,7
1,54.364627838134766,0.0,11.277726173400879,0.0,10,0.01,rbf,"{'C': 10, 'gamma': 0.01, 'kernel': 'rbf'}",0.8643346931689958,0.8643346931689958,0.0,7
1,40.30619549751282,0.0,3.620250701904297,0.0,10,0.1,linear,"{'C': 10, 'gamma': 0.1, 'kernel': 'linear'}",0.8643346931689958,0.8643346931689958,0.0,7
1,43.18346810340881,0.0,13.069394588470459,0.0,10,0.1,rbf,"{'C': 10, 'gamma': 0.1, 'kernel': 'rbf'}",0.8670111972437554,0.8670111972437554,0.0,3
1,40.14507603645325,0.0,3.6755282878875732,0.0,10,1,linear,"{'C': 10, 'gamma': 1, 'kernel': 'linear'}",0.8643346931689958,0.8643346931689958,0.0,7
1,43.3323118686676,0.0,12.616589307785034,0.0,10,1,rbf,"{'C': 10, 'gamma': 1, 'kernel': 'rbf'}",0.8702029677639433,0.8702029677639433,0.0,2
1,37.278080463409424,0.0,3.4851019382476807,0.0,100,0.01,linear,"{'C': 100, 'gamma': 0.01, 'kernel': 'linear'}",0.8643346931689958,0.8643346931689958,0.0,7
1,51.60169839859009,0.0,10.624229669570923,0.0,100,0.01,rbf,"{'C': 100, 'gamma': 0.01, 'kernel': 'rbf'}",0.8670111972437554,0.8670111972437554,0.0,3
1,35.865023136138916,0.0,3.5308449268341064,0.0,100,0.1,linear,"{'C': 100, 'gamma': 0.1, 'kernel': 'linear'}",0.8643346931689958,0.8643346931689958,0.0,7
1,23.266095638275146,0.0,8.722333431243896,0.0,100,0.1,rbf,"{'C': 100, 'gamma': 0.1, 'kernel': 'rbf'}",0.8670111972437554,0.8670111972437554,0.0,3
1,19.218376398086548,0.0,1.841855525970459,0.0,100,1,linear,"{'C': 100, 'gamma': 1, 'kernel': 'linear'}",0.8643346931689958,0.8643346931689958,0.0,7
1,22.73483419418335,0.0,8.860571384429932,0.0,100,1,rbf,"{'C': 100, 'gamma': 1, 'kernel': 'rbf'}",0.8723458252262922,0.8723458252262922,0.0,1
